UNIX TIME,TIME,LAT,LONG,ALT,DIST,HR,CAD,TEMP,POWER
1178690400,2007-05-09T06:00:00Z,-17.918292,26.277572,556,0,0,0,No Data,No Data
1178690514,2007-05-09T06:01:54Z,-17.918667,26.282043,558,0.4755496,0,0,No Data,No Data
1178690635,2007-05-09T06:03:55Z,-17.918997,26.286789,557,0.9797164,0,0,No Data,No Data
1178690731,2007-05-09T06:05:31Z,-17.920814,26.290026,554,1.377909,0,0,No Data,No Data
1178690866,2007-05-09T06:07:46Z,-17.923490,26.294522,549,1.939673,0,0,No Data,No Data
1178690939,2007-05-09T06:08:59Z,-17.925233,26.296754,544,2.24558,0,0,No Data,No Data
1178691062,2007-05-09T06:11:02Z,-17.928105,26.300546,550,2.758992,0,0,No Data,No Data
1178691136,2007-05-09T06:12:16Z,-17.930174,26.302443,556,3.064785,0,0,No Data,No Data
1178691279,2007-05-09T06:14:39Z,-17.934329,26.305991,545,3.660866,0,0,No Data,No Data
1178691331,2007-05-09T06:15:31Z,-17.935854,26.307297,549,3.879989,0,0,No Data,No Data
1178691385,2007-05-09T06:16:25Z,-17.937052,26.308983,544,4.10296,0,0,No Data,No Data
1178691440,2007-05-09T06:17:20Z,-17.936720,26.311111,542,4.331416,0,0,No Data,No Data
1178691494,2007-05-09T06:18:14Z,-17.935909,26.313078,545,4.558546,0,0,No Data,No Data
1178691553,2007-05-09T06:19:13Z,-17.934927,26.315173,544,4.80591,0,0,No Data,No Data
1178691629,2007-05-09T06:20:29Z,-17.933753,26.317889,555,5.121966,0,0,No Data,No Data
1178691676,2007-05-09T06:21:16Z,-17.933685,26.319707,542,5.314733,0,0,No Data,No Data
1178691747,2007-05-09T06:22:27Z,-17.933796,26.322520,551,5.612987,0,0,No Data,No Data
1178691810,2007-05-09T06:23:30Z,-17.934350,26.324942,546,5.876878,0,0,No Data,No Data
1178691908,2007-05-09T06:25:08Z,-17.934236,26.328773,544,6.282912,0,0,No Data,No Data
1178692006,2007-05-09T06:26:46Z,-17.933919,26.332625,549,6.692466,0,0,No Data,No Data
1178692133,2007-05-09T06:28:53Z,-17.932621,26.337437,537,7.222332,0,0,No Data,No Data
1178692278,2007-05-09T06:31:18Z,-17.930780,26.342787,535,7.825018,0,0,No Data,No Data
1178692356,2007-05-09T06:32:36Z,-17.929667,26.345612,543,8.148924,0,0,No Data,No Data
1178692402,2007-05-09T06:33:22Z,-17.929382,26.347389,535,8.339861,0,0,No Data,No Data
1178692410,2007-05-09T06:33:30Z,-17.929386,26.347715,535,8.374398,0,0,No Data,No Data
1178692422,2007-05-09T06:33:42Z,-17.929268,26.348172,536,8.424625,0,0,No Data,No Data
1178692434,2007-05-09T06:33:54Z,-17.929274,26.348628,536,8.473,0,0,No Data,No Data
1178692442,2007-05-09T06:34:02Z,-17.929277,26.348954,538,8.507561,0,0,No Data,No Data
1178692450,2007-05-09T06:34:10Z,-17.929281,26.349279,538,8.542081,0,0,No Data,No Data
1178692458,2007-05-09T06:34:18Z,-17.929285,26.349605,538,8.576664,0,0,No Data,No Data
1178692468,2007-05-09T06:34:28Z,-17.929289,26.349996,536,8.618115,0,0,No Data,No Data
1178692475,2007-05-09T06:34:35Z,-17.929292,26.350257,536,8.645775,0,0,No Data,No Data
1178692482,2007-05-09T06:34:42Z,-17.929294,26.350517,534,8.673421,0,0,No Data,No Data
1178692492,2007-05-09T06:34:52Z,-17.929298,26.350909,534,8.714969,0,0,No Data,No Data
1178692498,2007-05-09T06:34:58Z,-17.929302,26.351169,534,8.74256,0,0,No Data,No Data
1178692507,2007-05-09T06:35:07Z,-17.929369,26.351492,535,8.777648,0,0,No Data,No Data
1178692513,2007-05-09T06:35:13Z,-17.929435,26.351750,535,8.806021,0,0,No Data,No Data
1178692520,2007-05-09T06:35:20Z,-17.929499,26.352009,535,8.834445,0,0,No Data,No Data
1178692527,2007-05-09T06:35:27Z,-17.929564,26.352268,537,8.862906,0,0,No Data,No Data
1178692535,2007-05-09T06:35:35Z,-17.929753,26.352523,536,8.897208,0,0,No Data,No Data
1178692538,2007-05-09T06:35:38Z,-17.929816,26.352585,536,8.906931,0,0,No Data,No Data
1178692547,2007-05-09T06:35:47Z,-17.930005,26.352906,536,8.946961,0,0,No Data,No Data
1178692557,2007-05-09T06:35:57Z,-17.930193,26.353227,534,8.986938,0,0,No Data,No Data
1178692559,2007-05-09T06:35:59Z,-17.930193,26.353292,534,8.993905,0,0,No Data,No Data
1178692655,2007-05-09T06:37:35Z,-17.932258,26.356395,534,9.395094,0,0,No Data,No Data
1178692746,2007-05-09T06:39:06Z,-17.933395,26.359761,537,9.773531,0,0,No Data,No Data
1178692889,2007-05-09T06:41:29Z,-17.934429,26.365282,548,10.36956,0,0,No Data,No Data
1178693179,2007-05-09T06:46:19Z,-17.936640,26.376449,533,11.57781,0,0,No Data,No Data
1178693361,2007-05-09T06:49:21Z,-17.937854,26.383494,528,12.33625,0,0,No Data,No Data
1178693500,2007-05-09T06:51:40Z,-17.938203,26.388962,527,12.91676,0,0,No Data,No Data
1178693603,2007-05-09T06:53:23Z,-17.937611,26.392980,535,13.34745,0,0,No Data,No Data
1178693689,2007-05-09T06:54:49Z,-17.936237,26.396009,528,13.70296,0,0,No Data,No Data
1178693813,2007-05-09T06:56:53Z,-17.936220,26.400897,530,14.22078,0,0,No Data,No Data
1178693834,2007-05-09T06:57:14Z,-17.936698,26.401575,545,14.31022,0,0,No Data,No Data
1178693847,2007-05-09T06:57:27Z,-17.936704,26.402062,545,14.36187,0,0,No Data,No Data
1178693862,2007-05-09T06:57:42Z,-17.936618,26.402648,539,14.42473,0,0,No Data,No Data
1178693872,2007-05-09T06:57:52Z,-17.936623,26.403038,527,14.46611,0,0,No Data,No Data
1178693884,2007-05-09T06:58:04Z,-17.936629,26.403526,527,14.5178,0,0,No Data,No Data
1178693894,2007-05-09T06:58:14Z,-17.936633,26.403915,530,14.55911,0,0,No Data,No Data
1178693909,2007-05-09T06:58:29Z,-17.936640,26.404500,530,14.62117,0,0,No Data,No Data
1178693919,2007-05-09T06:58:39Z,-17.936645,26.404890,530,14.66256,0,0,No Data,No Data
1178693931,2007-05-09T06:58:51Z,-17.936652,26.405378,530,14.71427,0,0,No Data,No Data
1178693941,2007-05-09T06:59:01Z,-17.936657,26.405767,534,14.75557,0,0,No Data,No Data
1178693951,2007-05-09T06:59:11Z,-17.936662,26.406157,534,14.79696,0,0,No Data,No Data
1178693965,2007-05-09T06:59:25Z,-17.936853,26.406642,541,14.85263,0,0,No Data,No Data
1178693975,2007-05-09T06:59:35Z,-17.936951,26.407031,541,14.89527,0,0,No Data,No Data
1178693986,2007-05-09T06:59:46Z,-17.937142,26.407418,528,14.94147,0,0,No Data,No Data
1178693996,2007-05-09T06:59:56Z,-17.937240,26.407806,528,14.98404,0,0,No Data,No Data
1178694007,2007-05-09T07:00:07Z,-17.937430,26.408193,528,15.03026,0,0,No Data,No Data
1178694017,2007-05-09T07:00:17Z,-17.937530,26.408581,528,15.07285,0,0,No Data,No Data
1178694029,2007-05-09T07:00:29Z,-17.937723,26.408966,533,15.11904,0,0,No Data,No Data
1178694039,2007-05-09T07:00:39Z,-17.937820,26.409355,533,15.16167,0,0,No Data,No Data
1178694052,2007-05-09T07:00:52Z,-17.938009,26.409841,529,15.2173,0,0,No Data,No Data
1178694060,2007-05-09T07:01:00Z,-17.938105,26.410131,529,15.24993,0,0,No Data,No Data
1178694073,2007-05-09T07:01:13Z,-17.938297,26.410615,524,15.30559,0,0,No Data,No Data
1178694087,2007-05-09T07:01:27Z,-17.938489,26.411099,524,15.36125,0,0,No Data,No Data
1178694098,2007-05-09T07:01:38Z,-17.938682,26.411484,527,15.40742,0,0,No Data,No Data
1178694108,2007-05-09T07:01:48Z,-17.938784,26.411868,542,15.44976,0,0,No Data,No Data
1178694118,2007-05-09T07:01:58Z,-17.938886,26.412253,532,15.49211,0,0,No Data,No Data
1178694131,2007-05-09T07:02:11Z,-17.938984,26.412738,532,15.54466,0,0,No Data,No Data
1178694143,2007-05-09T07:02:23Z,-17.939076,26.413229,526,15.59775,0,0,No Data,No Data
1178694154,2007-05-09T07:02:34Z,-17.939170,26.413620,526,15.64059,0,0,No Data,No Data
1178694161,2007-05-09T07:02:41Z,-17.939174,26.413913,528,15.67164,0,0,No Data,No Data
1178694176,2007-05-09T07:02:56Z,-17.939462,26.414391,528,15.73162,0,0,No Data,No Data
1178694186,2007-05-09T07:03:06Z,-17.939563,26.414774,539,15.77378,0,0,No Data,No Data
1178694198,2007-05-09T07:03:18Z,-17.939848,26.415156,528,15.82527,0,0,No Data,No Data
1178694210,2007-05-09T07:03:30Z,-17.940222,26.415442,532,15.87682,0,0,No Data,No Data
1178694221,2007-05-09T07:03:41Z,-17.940499,26.415736,525,15.92069,0,0,No Data,No Data
1178694235,2007-05-09T07:03:55Z,-17.940874,26.416120,525,15.97902,0,0,No Data,No Data
1178694247,2007-05-09T07:04:07Z,-17.941251,26.416401,530,16.03051,0,0,No Data,No Data
1178694260,2007-05-09T07:04:20Z,-17.941629,26.416679,530,16.08193,0,0,No Data,No Data
1178694272,2007-05-09T07:04:32Z,-17.942001,26.416967,530,16.13346,0,0,No Data,No Data
1178694283,2007-05-09T07:04:43Z,-17.942282,26.417255,526,16.17724,0,0,No Data,No Data
1178694293,2007-05-09T07:04:53Z,-17.942562,26.417543,526,16.22099,0,0,No Data,No Data
1178694304,2007-05-09T07:05:04Z,-17.942844,26.417830,526,16.26474,0,0,No Data,No Data
1178694316,2007-05-09T07:05:16Z,-17.943219,26.418111,528,16.3161,0,0,No Data,No Data
1178694326,2007-05-09T07:05:26Z,-17.943501,26.418396,528,16.3597,0,0,No Data,No Data
1178694337,2007-05-09T07:05:37Z,-17.943874,26.418579,534,16.40566,0,0,No Data,No Data
1178694348,2007-05-09T07:05:48Z,-17.944247,26.418764,534,16.4517,0,0,No Data,No Data
1178694361,2007-05-09T07:06:01Z,-17.944620,26.419050,529,16.50318,0,0,No Data,No Data
1178694370,2007-05-09T07:06:10Z,-17.944900,26.419239,529,16.54029,0,0,No Data,No Data
1178694382,2007-05-09T07:06:22Z,-17.945181,26.419625,529,16.59187,0,0,No Data,No Data
1178694394,2007-05-09T07:06:34Z,-17.945462,26.420012,528,16.6435,0,0,No Data,No Data
1178694407,2007-05-09T07:06:47Z,-17.945835,26.420296,528,16.69485,0,0,No Data,No Data
1178694416,2007-05-09T07:06:56Z,-17.946024,26.420577,536,16.73141,0,0,No Data,No Data
1178694426,2007-05-09T07:07:06Z,-17.946306,26.420857,522,16.77466,0,0,No Data,No Data
1178694438,2007-05-09T07:07:18Z,-17.946679,26.421136,522,16.8257,0,0,No Data,No Data
1178694451,2007-05-09T07:07:31Z,-17.947050,26.421432,524,16.87767,0,0,No Data,No Data
1178694461,2007-05-09T07:07:41Z,-17.947330,26.421721,524,16.92148,0,0,No Data,No Data
1178694473,2007-05-09T07:07:53Z,-17.947703,26.421997,524,16.9724,0,0,No Data,No Data
1178694484,2007-05-09T07:08:04Z,-17.947983,26.422287,525,17.01628,0,0,No Data,No Data
1178694496,2007-05-09T07:08:16Z,-17.948265,26.422670,525,17.06758,0,0,No Data,No Data
1178694507,2007-05-09T07:08:27Z,-17.948545,26.422954,525,17.11094,0,0,No Data,No Data
1178694539,2007-05-09T07:08:59Z,-17.949144,26.424043,530,17.24421,0,0,No Data,No Data
1178694560,2007-05-09T07:09:20Z,-17.949468,26.424815,546,17.33362,0,0,No Data,No Data
1178694576,2007-05-09T07:09:36Z,-17.949784,26.425356,529,17.40095,0,0,No Data,No Data
1178694595,2007-05-09T07:09:55Z,-17.950103,26.426011,539,17.47897,0,0,No Data,No Data
1178694611,2007-05-09T07:10:11Z,-17.950419,26.426553,529,17.54637,0,0,No Data,No Data
1178694620,2007-05-09T07:10:20Z,-17.950529,26.426884,529,17.58352,0,0,No Data,No Data
1178694638,2007-05-09T07:10:38Z,-17.950751,26.427558,543,17.65911,0,0,No Data,No Data
1178694649,2007-05-09T07:10:49Z,-17.951058,26.427863,543,17.70623,0,0,No Data,No Data
1178694665,2007-05-09T07:11:05Z,-17.951274,26.428414,529,17.7694,0,0,No Data,No Data
1178694678,2007-05-09T07:11:18Z,-17.951583,26.428832,529,17.82556,0,0,No Data,No Data
1178694690,2007-05-09T07:11:30Z,-17.951891,26.429141,541,17.87297,0,0,No Data,No Data
1178694706,2007-05-09T07:11:46Z,-17.952207,26.429684,527,17.94045,0,0,No Data,No Data
1178694719,2007-05-09T07:11:59Z,-17.952519,26.430111,529,17.99756,0,0,No Data,No Data
1178694738,2007-05-09T07:12:18Z,-17.952840,26.430770,536,18.07604,0,0,No Data,No Data
1178694753,2007-05-09T07:12:33Z,-17.953054,26.431317,530,18.13874,0,0,No Data,No Data
1178694765,2007-05-09T07:12:45Z,-17.953166,26.431759,527,18.18727,0,0,No Data,No Data
1178694780,2007-05-09T07:13:00Z,-17.953381,26.432308,532,18.25021,0,0,No Data,No Data
1178694789,2007-05-09T07:13:09Z,-17.953490,26.432638,532,18.28728,0,0,No Data,No Data
1178694801,2007-05-09T07:13:21Z,-17.953699,26.433065,526,18.33827,0,0,No Data,No Data
1178694813,2007-05-09T07:13:33Z,-17.953710,26.433512,526,18.38573,0,0,No Data,No Data
1178694827,2007-05-09T07:13:47Z,-17.953821,26.434057,535,18.44488,0,0,No Data,No Data
1178694838,2007-05-09T07:13:58Z,-17.953930,26.434491,535,18.49247,0,0,No Data,No Data
1178694851,2007-05-09T07:14:11Z,-17.954141,26.434922,534,18.54382,0,0,No Data,No Data
1178694863,2007-05-09T07:14:23Z,-17.954352,26.435354,534,18.59531,0,0,No Data,No Data
1178694874,2007-05-09T07:14:34Z,-17.954360,26.435794,543,18.64198,0,0,No Data,No Data
1178694886,2007-05-09T07:14:46Z,-17.954472,26.436238,543,18.69074,0,0,No Data,No Data
1178694900,2007-05-09T07:15:00Z,-17.954680,26.436763,526,18.75105,0,0,No Data,No Data
1178694914,2007-05-09T07:15:14Z,-17.954882,26.437274,524,18.80977,0,0,No Data,No Data
1178694925,2007-05-09T07:15:25Z,-17.954887,26.437703,524,18.85529,0,0,No Data,No Data
1178694937,2007-05-09T07:15:37Z,-17.955090,26.438110,524,18.90399,0,0,No Data,No Data
1178694948,2007-05-09T07:15:48Z,-17.955094,26.438539,524,18.94951,0,0,No Data,No Data
1178694962,2007-05-09T07:16:02Z,-17.955101,26.439077,521,19.00653,0,0,No Data,No Data
1178694978,2007-05-09T07:16:18Z,-17.955108,26.439722,520,19.0749,0,0,No Data,No Data
1178694989,2007-05-09T07:16:29Z,-17.955115,26.440158,520,19.12117,0,0,No Data,No Data
1178695003,2007-05-09T07:16:43Z,-17.955126,26.440709,520,19.17956,0,0,No Data,No Data
1178695014,2007-05-09T07:16:54Z,-17.955134,26.441149,526,19.22621,0,0,No Data,No Data
1178695027,2007-05-09T07:17:07Z,-17.954935,26.441581,526,19.27711,0,0,No Data,No Data
1178695036,2007-05-09T07:17:16Z,-17.954632,26.441804,526,19.3183,0,0,No Data,No Data
1178695049,2007-05-09T07:17:29Z,-17.954435,26.442243,520,19.36973,0,0,No Data,No Data
1178695060,2007-05-09T07:17:40Z,-17.954333,26.442664,520,19.41574,0,0,No Data,No Data
1178695071,2007-05-09T07:17:51Z,-17.954338,26.443093,524,19.46118,0,0,No Data,No Data
1178695082,2007-05-09T07:18:02Z,-17.954348,26.443537,524,19.50823,0,0,No Data,No Data
1178695096,2007-05-09T07:18:16Z,-17.954361,26.444091,529,19.56701,0,0,No Data,No Data
1178695107,2007-05-09T07:18:27Z,-17.954260,26.444512,529,19.61302,0,0,No Data,No Data
1178695118,2007-05-09T07:18:38Z,-17.954158,26.444933,526,19.65902,0,0,No Data,No Data
1178695129,2007-05-09T07:18:49Z,-17.954057,26.445354,526,19.705,0,0,No Data,No Data
1178695140,2007-05-09T07:19:00Z,-17.953960,26.445786,526,19.75201,0,0,No Data,No Data
1178695152,2007-05-09T07:19:12Z,-17.953967,26.446221,526,19.79815,0,0,No Data,No Data
1178695168,2007-05-09T07:19:28Z,-17.953978,26.446874,527,19.86737,0,0,No Data,No Data
1178695179,2007-05-09T07:19:39Z,-17.954085,26.447304,524,19.91449,0,0,No Data,No Data
1178695192,2007-05-09T07:19:52Z,-17.954292,26.447724,524,19.96462,0,0,No Data,No Data
1178695203,2007-05-09T07:20:03Z,-17.954603,26.448045,523,20.0132,0,0,No Data,No Data
1178695219,2007-05-09T07:20:19Z,-17.955021,26.448478,523,20.07859,0,0,No Data,No Data
1178695235,2007-05-09T07:20:35Z,-17.955437,26.448910,524,20.14378,0,0,No Data,No Data
1178695249,2007-05-09T07:20:49Z,-17.955859,26.449251,524,20.20315,0,0,No Data,No Data
1178695265,2007-05-09T07:21:05Z,-17.956281,26.449696,523,20.26977,0,0,No Data,No Data
1178695277,2007-05-09T07:21:17Z,-17.956597,26.450029,523,20.31969,0,0,No Data,No Data
1178695292,2007-05-09T07:21:32Z,-17.957012,26.450458,523,20.3846,0,0,No Data,No Data
1178695305,2007-05-09T07:21:45Z,-17.957423,26.450668,522,20.43553,0,0,No Data,No Data
1178695318,2007-05-09T07:21:58Z,-17.957833,26.450980,522,20.49196,0,0,No Data,No Data
1178695332,2007-05-09T07:22:12Z,-17.958246,26.451301,538,20.54924,0,0,No Data,No Data
1178695346,2007-05-09T07:22:26Z,-17.958659,26.451620,520,20.60636,0,0,No Data,No Data
1178695353,2007-05-09T07:22:33Z,-17.958865,26.451832,517,20.63854,0,0,No Data,No Data
1178695369,2007-05-09T07:22:49Z,-17.959277,26.452254,523,20.70266,0,0,No Data,No Data
1178695379,2007-05-09T07:22:59Z,-17.959589,26.452474,518,20.74452,0,0,No Data,No Data
1178695395,2007-05-09T07:23:15Z,-17.960010,26.452924,518,20.81141,0,0,No Data,No Data
1178695407,2007-05-09T07:23:27Z,-17.960325,26.453257,539,20.86121,0,0,No Data,No Data
1178695417,2007-05-09T07:23:37Z,-17.960637,26.453481,524,20.90331,0,0,No Data,No Data
1178695431,2007-05-09T07:23:51Z,-17.961054,26.453820,551,20.96211,0,0,No Data,No Data
1178695445,2007-05-09T07:24:05Z,-17.961465,26.454137,530,21.01899,0,0,No Data,No Data
1178695457,2007-05-09T07:24:17Z,-17.961875,26.454349,530,21.06997,0,0,No Data,No Data
1178695469,2007-05-09T07:24:29Z,-17.962189,26.454682,539,21.1197,0,0,No Data,No Data
1178695482,2007-05-09T07:24:42Z,-17.962500,26.455111,539,21.1769,0,0,No Data,No Data
1178695494,2007-05-09T07:24:54Z,-17.962905,26.455304,523,21.22649,0,0,No Data,No Data
1178695508,2007-05-09T07:25:08Z,-17.963314,26.455614,527,21.28267,0,0,No Data,No Data
1178695520,2007-05-09T07:25:20Z,-17.963721,26.455813,520,21.33271,0,0,No Data,No Data
1178695532,2007-05-09T07:25:32Z,-17.963931,26.456245,520,21.38415,0,0,No Data,No Data
1178695544,2007-05-09T07:25:44Z,-17.964240,26.456563,523,21.43237,0,0,No Data,No Data
1178695556,2007-05-09T07:25:56Z,-17.964448,26.456988,523,21.48307,0,0,No Data,No Data
1178695567,2007-05-09T07:26:07Z,-17.964555,26.457415,521,21.52988,0,0,No Data,No Data
1178695578,2007-05-09T07:26:18Z,-17.964661,26.457842,517,21.57665,0,0,No Data,No Data
1178695589,2007-05-09T07:26:29Z,-17.964667,26.458271,517,21.62212,0,0,No Data,No Data
1178695597,2007-05-09T07:26:37Z,-17.964670,26.458593,517,21.65623,0,0,No Data,No Data
1178695611,2007-05-09T07:26:51Z,-17.964677,26.459129,518,21.71304,0,0,No Data,No Data
1178695622,2007-05-09T07:27:02Z,-17.964682,26.459558,518,21.75852,0,0,No Data,No Data
1178695636,2007-05-09T07:27:16Z,-17.964689,26.460097,522,21.81566,0,0,No Data,No Data
1178695655,2007-05-09T07:27:35Z,-17.964449,26.460805,516,21.89534,0,0,No Data,No Data
1178695662,2007-05-09T07:27:42Z,-17.964290,26.461026,516,21.92468,0,0,No Data,No Data
1178695669,2007-05-09T07:27:49Z,-17.964131,26.461246,516,21.95397,0,0,No Data,No Data
1178695677,2007-05-09T07:27:57Z,-17.964027,26.461525,515,21.98571,0,0,No Data,No Data
1178695684,2007-05-09T07:28:04Z,-17.963924,26.461805,515,22.01758,0,0,No Data,No Data
1178695690,2007-05-09T07:28:10Z,-17.963874,26.462030,515,22.04215,0,0,No Data,No Data
1178695697,2007-05-09T07:28:17Z,-17.963878,26.462312,521,22.07209,0,0,No Data,No Data
1178695705,2007-05-09T07:28:25Z,-17.963829,26.462594,521,22.10245,0,0,No Data,No Data
1178695713,2007-05-09T07:28:33Z,-17.963780,26.462931,521,22.13861,0,0,No Data,No Data
1178695720,2007-05-09T07:28:40Z,-17.963783,26.463211,526,22.16829,0,0,No Data,No Data
1178695728,2007-05-09T07:28:48Z,-17.963731,26.463487,526,22.19816,0,0,No Data,No Data
1178695735,2007-05-09T07:28:55Z,-17.963678,26.463764,524,22.22811,0,0,No Data,No Data
1178695739,2007-05-09T07:28:59Z,-17.963625,26.463930,517,22.24666,0,0,No Data,No Data
1178695748,2007-05-09T07:29:08Z,-17.963626,26.464263,517,22.28198,0,0,No Data,No Data
1178695753,2007-05-09T07:29:13Z,-17.963573,26.464485,517,22.30621,0,0,No Data,No Data
1178695761,2007-05-09T07:29:21Z,-17.963575,26.464763,510,22.33568,0,0,No Data,No Data
1178695769,2007-05-09T07:29:29Z,-17.963576,26.465097,510,22.37108,0,0,No Data,No Data
1178695776,2007-05-09T07:29:36Z,-17.963578,26.465376,510,22.40069,0,0,No Data,No Data
1178695783,2007-05-09T07:29:43Z,-17.963580,26.465655,504,22.43033,0,0,No Data,No Data
1178695789,2007-05-09T07:29:49Z,-17.963582,26.465879,504,22.4541,0,0,No Data,No Data
1178695797,2007-05-09T07:29:57Z,-17.963694,26.466161,516,22.48657,0,0,No Data,No Data
1178695805,2007-05-09T07:30:05Z,-17.963862,26.466446,516,22.52212,0,0,No Data,No Data
1178695812,2007-05-09T07:30:12Z,-17.963974,26.466673,516,22.54924,0,0,No Data,No Data
1178695820,2007-05-09T07:30:20Z,-17.964090,26.466959,516,22.58228,0,0,No Data,No Data
1178695826,2007-05-09T07:30:26Z,-17.964205,26.467189,516,22.6099,0,0,No Data,No Data
1178695834,2007-05-09T07:30:34Z,-17.964313,26.467466,514,22.64173,0,0,No Data,No Data
1178695842,2007-05-09T07:30:42Z,-17.964478,26.467747,514,22.67673,0,0,No Data,No Data
1178695851,2007-05-09T07:30:51Z,-17.964642,26.468027,531,22.7116,0,0,No Data,No Data
1178695857,2007-05-09T07:30:57Z,-17.964754,26.468253,516,22.73868,0,0,No Data,No Data
1178695981,2007-05-09T07:33:01Z,-17.968414,26.471211,523,23.25272,0,0,No Data,No Data
1178696051,2007-05-09T07:34:11Z,-17.970423,26.473015,519,23.54694,0,0,No Data,No Data
1178696102,2007-05-09T07:35:02Z,-17.971746,26.474451,515,23.75871,0,0,No Data,No Data
1178696117,2007-05-09T07:35:17Z,-17.972154,26.474856,516,23.8213,0,0,No Data,No Data
1178696134,2007-05-09T07:35:34Z,-17.972589,26.475331,516,23.89117,0,0,No Data,No Data
1178696151,2007-05-09T07:35:51Z,-17.973028,26.475817,527,23.96222,0,0,No Data,No Data
1178696167,2007-05-09T07:36:07Z,-17.973456,26.476275,560,24.03032,0,0,No Data,No Data
1178696183,2007-05-09T07:36:23Z,-17.973873,26.476705,525,24.09546,0,0,No Data,No Data
1178696202,2007-05-09T07:36:42Z,-17.974297,26.477297,543,24.17398,0,0,No Data,No Data
1178696215,2007-05-09T07:36:55Z,-17.974713,26.477583,514,24.22943,0,0,No Data,No Data
1178696231,2007-05-09T07:37:11Z,-17.975134,26.478025,514,24.29574,0,0,No Data,No Data
1178696253,2007-05-09T07:37:33Z,-17.975839,26.478488,517,24.38838,0,0,No Data,No Data
1178696272,2007-05-09T07:37:52Z,-17.976400,26.478936,517,24.46691,0,0,No Data,No Data
1178696291,2007-05-09T07:38:11Z,-17.976823,26.479528,517,24.54542,0,0,No Data,No Data
1178696310,2007-05-09T07:38:30Z,-17.977384,26.479978,521,24.62408,0,0,No Data,No Data
1178696322,2007-05-09T07:38:42Z,-17.977534,26.480439,521,24.67569,0,0,No Data,No Data
1178696341,2007-05-09T07:39:01Z,-17.978096,26.480897,518,24.7549,0,0,No Data,No Data
1178696360,2007-05-09T07:39:20Z,-17.978660,26.481366,564,24.83506,0,0,No Data,No Data
1178696377,2007-05-09T07:39:37Z,-17.979217,26.481669,542,24.90495,0,0,No Data,No Data
1178696396,2007-05-09T07:39:56Z,-17.979772,26.482109,518,24.98237,0,0,No Data,No Data
1178696414,2007-05-09T07:40:14Z,-17.980458,26.482244,518,25.0601,0,0,No Data,No Data
1178696433,2007-05-09T07:40:33Z,-17.981013,26.482685,518,25.13764,0,0,No Data,No Data
1178696444,2007-05-09T07:40:44Z,-17.981294,26.482995,522,25.18306,0,0,No Data,No Data
1178696466,2007-05-09T07:41:06Z,-17.981987,26.483442,522,25.27358,0,0,No Data,No Data
1178696482,2007-05-09T07:41:22Z,-17.982267,26.484021,523,25.34237,0,0,No Data,No Data
1178696495,2007-05-09T07:41:35Z,-17.982545,26.484451,523,25.39749,0,0,No Data,No Data
1178696510,2007-05-09T07:41:50Z,-17.982550,26.485028,516,25.4586,0,0,No Data,No Data
1178696527,2007-05-09T07:42:07Z,-17.982832,26.485618,515,25.52859,0,0,No Data,No Data
1178696544,2007-05-09T07:42:24Z,-17.983115,26.486214,525,25.59925,0,0,No Data,No Data
1178696559,2007-05-09T07:42:39Z,-17.983258,26.486790,523,25.66235,0,0,No Data,No Data
1178696574,2007-05-09T07:42:54Z,-17.983402,26.487378,518,25.72671,0,0,No Data,No Data
1178696590,2007-05-09T07:43:10Z,-17.983547,26.487965,518,25.79102,0,0,No Data,No Data
1178696607,2007-05-09T07:43:27Z,-17.983829,26.488561,549,25.86157,0,0,No Data,No Data
1178696625,2007-05-09T07:43:45Z,-17.983836,26.489279,533,25.9377,0,0,No Data,No Data
1178696643,2007-05-09T07:44:03Z,-17.983843,26.489998,524,26.01391,0,0,No Data,No Data
1178696659,2007-05-09T07:44:19Z,-17.983987,26.490584,520,26.07809,0,0,No Data,No Data
1178696674,2007-05-09T07:44:34Z,-17.984132,26.491173,520,26.14258,0,0,No Data,No Data
1178696690,2007-05-09T07:44:50Z,-17.984276,26.491759,519,26.20672,0,0,No Data,No Data
1178696701,2007-05-09T07:45:01Z,-17.984417,26.492195,518,26.2556,0,0,No Data,No Data
1178696720,2007-05-09T07:45:20Z,-17.984562,26.492922,518,26.33428,0,0,No Data,No Data
1178696736,2007-05-09T07:45:36Z,-17.984706,26.493506,547,26.39827,0,0,No Data,No Data
1178696747,2007-05-09T07:45:47Z,-17.984711,26.493941,542,26.44441,0,0,No Data,No Data
1178696769,2007-05-09T07:46:09Z,-17.984858,26.494813,530,26.53829,0,0,No Data,No Data
1178696787,2007-05-09T07:46:27Z,-17.984865,26.495529,524,26.6142,0,0,No Data,No Data
1178696803,2007-05-09T07:46:43Z,-17.985008,26.496109,524,26.67767,0,0,No Data,No Data
1178696817,2007-05-09T07:46:57Z,-17.985014,26.496687,512,26.7389,0,0,No Data,No Data
1178696836,2007-05-09T07:47:16Z,-17.985022,26.497411,515,26.81563,0,0,No Data,No Data
1178696852,2007-05-09T07:47:32Z,-17.985437,26.497852,544,26.88138,0,0,No Data,No Data
1178696868,2007-05-09T07:47:48Z,-17.985717,26.498436,542,26.95071,0,0,No Data,No Data
1178696883,2007-05-09T07:48:03Z,-17.985860,26.499017,530,27.01435,0,0,No Data,No Data
1178696899,2007-05-09T07:48:19Z,-17.986002,26.499593,530,27.07746,0,0,No Data,No Data
1178696914,2007-05-09T07:48:34Z,-17.986145,26.500172,517,27.14083,0,0,No Data,No Data
1178696928,2007-05-09T07:48:48Z,-17.986151,26.500743,519,27.20134,0,0,No Data,No Data
1178696944,2007-05-09T07:49:04Z,-17.986294,26.501324,529,27.26496,0,0,No Data,No Data
1178696959,2007-05-09T07:49:19Z,-17.986437,26.501904,517,27.32848,0,0,No Data,No Data
1178696974,2007-05-09T07:49:34Z,-17.986579,26.502485,524,27.3921,0,0,No Data,No Data
1178696991,2007-05-09T07:49:51Z,-17.986858,26.503064,548,27.46091,0,0,No Data,No Data
1178697009,2007-05-09T07:50:09Z,-17.987272,26.503640,520,27.53745,0,0,No Data,No Data
1178697030,2007-05-09T07:50:30Z,-17.987821,26.504214,532,27.62376,0,0,No Data,No Data
1178697046,2007-05-09T07:50:46Z,-17.988099,26.504793,519,27.69249,0,0,No Data,No Data
1178697063,2007-05-09T07:51:03Z,-17.988376,26.505371,519,27.76104,0,0,No Data,No Data
1178697081,2007-05-09T07:51:21Z,-17.988789,26.505942,521,27.83707,0,0,No Data,No Data
1178697096,2007-05-09T07:51:36Z,-17.989200,26.506370,521,27.90154,0,0,No Data,No Data
1178697112,2007-05-09T07:51:52Z,-17.989342,26.506946,521,27.96461,0,0,No Data,No Data
1178697130,2007-05-09T07:52:10Z,-17.989754,26.507519,514,28.04072,0,0,No Data,No Data
1178697149,2007-05-09T07:52:29Z,-17.990033,26.508236,517,28.12284,0,0,No Data,No Data
1178697166,2007-05-09T07:52:46Z,-17.990310,26.508810,517,28.19103,0,0,No Data,No Data
1178697177,2007-05-09T07:52:57Z,-17.990450,26.509241,515,28.23928,0,0,No Data,No Data
1178697196,2007-05-09T07:53:16Z,-17.990593,26.509960,515,28.31709,0,0,No Data,No Data
1178697211,2007-05-09T07:53:31Z,-17.990734,26.510535,515,28.37999,0,0,No Data,No Data
1178697226,2007-05-09T07:53:46Z,-17.990740,26.511111,515,28.44104,0,0,No Data,No Data
1178697244,2007-05-09T07:54:04Z,-17.990748,26.511831,517,28.51737,0,0,No Data,No Data
1178697262,2007-05-09T07:54:22Z,-17.990756,26.512552,518,28.59373,0,0,No Data,No Data
1178697278,2007-05-09T07:54:38Z,-17.990896,26.513125,522,28.65649,0,0,No Data,No Data
1178697292,2007-05-09T07:54:52Z,-17.990903,26.513701,522,28.71758,0,0,No Data,No Data
1178697311,2007-05-09T07:55:11Z,-17.990910,26.514421,517,28.79388,0,0,No Data,No Data
1178697325,2007-05-09T07:55:25Z,-17.990916,26.514997,521,28.85488,0,0,No Data,No Data
1178697332,2007-05-09T07:55:32Z,-17.990919,26.515284,521,28.88535,0,0,No Data,No Data
1178697348,2007-05-09T07:55:48Z,-17.990926,26.515906,517,28.95124,0,0,No Data,No Data
1178697354,2007-05-09T07:55:54Z,-17.990855,26.516105,517,28.97375,0,0,No Data,No Data
1178697358,2007-05-09T07:55:58Z,-17.990784,26.516238,517,28.98993,0,0,No Data,No Data
1178697361,2007-05-09T07:56:01Z,-17.990753,26.516370,515,29.00438,0,0,No Data,No Data
1178697364,2007-05-09T07:56:04Z,-17.990754,26.516501,515,29.01832,0,0,No Data,No Data
1178697369,2007-05-09T07:56:09Z,-17.990659,26.516635,515,29.03608,0,0,No Data,No Data
1178697372,2007-05-09T07:56:12Z,-17.990627,26.516768,515,29.05061,0,0,No Data,No Data
1178697376,2007-05-09T07:56:16Z,-17.990596,26.516900,515,29.06506,0,0,No Data,No Data
1178697378,2007-05-09T07:56:18Z,-17.990564,26.517000,515,29.07625,0,0,No Data,No Data
1178697383,2007-05-09T07:56:23Z,-17.990532,26.517166,515,29.09418,0,0,No Data,No Data
1178697388,2007-05-09T07:56:28Z,-17.990501,26.517364,512,29.11548,0,0,No Data,No Data
1178697392,2007-05-09T07:56:32Z,-17.990471,26.517530,512,29.13339,0,0,No Data,No Data
1178697396,2007-05-09T07:56:36Z,-17.990440,26.517695,512,29.15128,0,0,No Data,No Data
1178697400,2007-05-09T07:56:40Z,-17.990410,26.517828,512,29.16585,0,0,No Data,No Data
1178697404,2007-05-09T07:56:44Z,-17.990347,26.517963,516,29.18182,0,0,No Data,No Data
1178697407,2007-05-09T07:56:47Z,-17.990317,26.518096,514,29.19633,0,0,No Data,No Data
1178697411,2007-05-09T07:56:51Z,-17.990288,26.518228,514,29.21075,0,0,No Data,No Data
1178697415,2007-05-09T07:56:55Z,-17.990228,26.518396,514,29.22975,0,0,No Data,No Data
1178697419,2007-05-09T07:56:59Z,-17.990199,26.518529,514,29.2442,0,0,No Data,No Data
1178697423,2007-05-09T07:57:03Z,-17.990171,26.518694,514,29.26199,0,0,No Data,No Data
1178697427,2007-05-09T07:57:07Z,-17.990176,26.518857,514,29.27934,0,0,No Data,No Data
1178697432,2007-05-09T07:57:12Z,-17.990114,26.519026,519,29.29852,0,0,No Data,No Data
1178697436,2007-05-09T07:57:16Z,-17.990116,26.519190,519,29.31593,0,0,No Data,No Data
1178697439,2007-05-09T07:57:19Z,-17.990086,26.519323,519,29.33047,0,0,No Data,No Data
1178697443,2007-05-09T07:57:23Z,-17.990025,26.519458,519,29.34635,0,0,No Data,No Data
1178697447,2007-05-09T07:57:27Z,-17.989996,26.519625,519,29.36434,0,0,No Data,No Data
1178697451,2007-05-09T07:57:31Z,-17.989963,26.519760,513,29.37907,0,0,No Data,No Data
1178697454,2007-05-09T07:57:34Z,-17.989934,26.519893,513,29.39358,0,0,No Data,No Data
1178697458,2007-05-09T07:57:38Z,-17.989872,26.520029,513,29.40958,0,0,No Data,No Data
1178697463,2007-05-09T07:57:43Z,-17.989844,26.520228,513,29.43096,0,0,No Data,No Data
1178697468,2007-05-09T07:57:48Z,-17.989781,26.520398,513,29.45034,0,0,No Data,No Data
1178697474,2007-05-09T07:57:54Z,-17.989748,26.520633,518,29.47557,0,0,No Data,No Data
1178697478,2007-05-09T07:57:58Z,-17.989720,26.520800,518,29.49357,0,0,No Data,No Data
1178697483,2007-05-09T07:58:03Z,-17.989659,26.520969,518,29.51276,0,0,No Data,No Data
1178697486,2007-05-09T07:58:06Z,-17.989627,26.521071,518,29.52419,0,0,No Data,No Data
1178697490,2007-05-09T07:58:10Z,-17.989596,26.521240,518,29.54246,0,0,No Data,No Data
1178697494,2007-05-09T07:58:14Z,-17.989564,26.521376,518,29.55731,0,0,No Data,No Data
1178697498,2007-05-09T07:58:18Z,-17.989498,26.521548,518,29.57701,0,0,No Data,No Data
1178697504,2007-05-09T07:58:24Z,-17.989469,26.521749,518,29.59862,0,0,No Data,No Data
1178697506,2007-05-09T07:58:26Z,-17.989436,26.521853,518,29.61021,0,0,No Data,No Data
1178697512,2007-05-09T07:58:32Z,-17.989408,26.522086,518,29.63517,0,0,No Data,No Data
1178697517,2007-05-09T07:58:37Z,-17.989379,26.522254,515,29.65328,0,0,No Data,No Data
1178697520,2007-05-09T07:58:40Z,-17.989349,26.522389,513,29.66799,0,0,No Data,No Data
1178697525,2007-05-09T07:58:45Z,-17.989352,26.522588,515,29.68908,0,0,No Data,No Data
1178697528,2007-05-09T07:58:48Z,-17.989321,26.522690,515,29.70046,0,0,No Data,No Data
1178697532,2007-05-09T07:58:52Z,-17.989291,26.522826,515,29.71525,0,0,No Data,No Data
1178697534,2007-05-09T07:58:54Z,-17.989293,26.522924,515,29.72572,0,0,No Data,No Data
1178697539,2007-05-09T07:58:59Z,-17.989264,26.523126,514,29.74736,0,0,No Data,No Data
1178697544,2007-05-09T07:59:04Z,-17.989234,26.523294,514,29.76552,0,0,No Data,No Data
1178697548,2007-05-09T07:59:08Z,-17.989205,26.523463,514,29.78374,0,0,No Data,No Data
1178697552,2007-05-09T07:59:12Z,-17.989206,26.523630,514,29.80144,0,0,No Data,No Data
1178697557,2007-05-09T07:59:17Z,-17.989136,26.523808,513,29.8218,0,0,No Data,No Data
1178697562,2007-05-09T07:59:22Z,-17.989103,26.523979,513,29.84033,0,0,No Data,No Data
1178697565,2007-05-09T07:59:25Z,-17.989070,26.524117,513,29.85546,0,0,No Data,No Data
1178697568,2007-05-09T07:59:28Z,-17.989038,26.524221,513,29.86708,0,0,No Data,No Data
1178697572,2007-05-09T07:59:32Z,-17.989009,26.524391,513,29.88537,0,0,No Data,No Data
1178697577,2007-05-09T07:59:37Z,-17.988939,26.524536,513,29.90255,0,0,No Data,No Data
1178697578,2007-05-09T07:59:38Z,-17.988940,26.524602,513,29.90964,0,0,No Data,No Data
1178697584,2007-05-09T07:59:44Z,-17.988871,26.524816,520,29.93357,0,0,No Data,No Data
1178697589,2007-05-09T07:59:49Z,-17.988836,26.524989,520,29.95235,0,0,No Data,No Data
1178697594,2007-05-09T07:59:54Z,-17.988767,26.525170,520,29.97299,0,0,No Data,No Data
1178697598,2007-05-09T07:59:58Z,-17.988730,26.525346,520,29.99205,0,0,No Data,No Data
1178697602,2007-05-09T08:00:02Z,-17.988697,26.525485,520,30.00728,0,0,No Data,No Data
1178697606,2007-05-09T08:00:06Z,-17.988697,26.525654,520,30.02528,0,0,No Data,No Data
1178697610,2007-05-09T08:00:10Z,-17.988630,26.525799,507,30.04236,0,0,No Data,No Data
1178697614,2007-05-09T08:00:14Z,-17.988633,26.525931,507,30.05643,0,0,No Data,No Data
1178697618,2007-05-09T08:00:18Z,-17.988571,26.526072,507,30.07294,0,0,No Data,No Data
1178697622,2007-05-09T08:00:22Z,-17.988542,26.526241,507,30.09118,0,0,No Data,No Data
1178697626,2007-05-09T08:00:26Z,-17.988514,26.526410,512,30.1094,0,0,No Data,No Data
1178697630,2007-05-09T08:00:30Z,-17.988484,26.526548,512,30.12438,0,0,No Data,No Data
1178697635,2007-05-09T08:00:35Z,-17.988453,26.526753,512,30.14644,0,0,No Data,No Data
1178697639,2007-05-09T08:00:39Z,-17.988423,26.526891,512,30.16144,0,0,No Data,No Data
1178697643,2007-05-09T08:00:43Z,-17.988428,26.527055,512,30.17883,0,0,No Data,No Data
1178697646,2007-05-09T08:00:46Z,-17.988397,26.527159,512,30.19037,0,0,No Data,No Data
1178697649,2007-05-09T08:00:49Z,-17.988402,26.527290,512,30.2043,0,0,No Data,No Data
1178697651,2007-05-09T08:00:51Z,-17.988370,26.527361,512,30.21269,0,0,No Data,No Data
1178697657,2007-05-09T08:00:57Z,-17.988304,26.527574,512,30.23641,0,0,No Data,No Data
1178697661,2007-05-09T08:01:01Z,-17.988306,26.527742,512,30.25426,0,0,No Data,No Data
1178697666,2007-05-09T08:01:06Z,-17.988237,26.527925,512,30.27515,0,0,No Data,No Data
1178697671,2007-05-09T08:01:11Z,-17.988167,26.528108,512,30.2961,0,0,No Data,No Data
1178697676,2007-05-09T08:01:16Z,-17.988097,26.528292,512,30.3171,0,0,No Data,No Data
1178697681,2007-05-09T08:01:21Z,-17.988029,26.528474,512,30.33784,0,0,No Data,No Data
1178697687,2007-05-09T08:01:27Z,-17.987927,26.528663,512,30.36086,0,0,No Data,No Data
1178697692,2007-05-09T08:01:32Z,-17.987860,26.528844,521,30.38148,0,0,No Data,No Data
1178697697,2007-05-09T08:01:37Z,-17.987758,26.529032,511,30.40441,0,0,No Data,No Data
1178697701,2007-05-09T08:01:41Z,-17.987691,26.529180,511,30.42179,0,0,No Data,No Data
1178697705,2007-05-09T08:01:45Z,-17.987621,26.529330,511,30.43952,0,0,No Data,No Data
1178697711,2007-05-09T08:01:51Z,-17.987550,26.529517,511,30.46083,0,0,No Data,No Data
1178697714,2007-05-09T08:01:54Z,-17.987515,26.529627,511,30.47319,0,0,No Data,No Data
1178697719,2007-05-09T08:01:59Z,-17.987480,26.529840,510,30.49613,0,0,No Data,No Data
1178697722,2007-05-09T08:02:02Z,-17.987484,26.529973,510,30.5103,0,0,No Data,No Data
1178697726,2007-05-09T08:02:06Z,-17.987449,26.530117,510,30.52611,0,0,No Data,No Data
1178697733,2007-05-09T08:02:13Z,-17.987416,26.530363,510,30.5525,0,0,No Data,No Data
1178697739,2007-05-09T08:02:19Z,-17.987347,26.530584,512,30.57714,0,0,No Data,No Data
1178697743,2007-05-09T08:02:23Z,-17.987353,26.530749,512,30.59465,0,0,No Data,No Data
1178697748,2007-05-09T08:02:28Z,-17.987327,26.530952,512,30.61644,0,0,No Data,No Data
1178697826,2007-05-09T08:03:46Z,-17.986322,26.533836,513,30.94172,0,0,No Data,No Data
1178697847,2007-05-09T08:04:07Z,-17.986298,26.534648,509,31.02775,0,0,No Data,No Data
1178697872,2007-05-09T08:04:32Z,-17.986269,26.535663,510,31.13528,0,0,No Data,No Data
1178697899,2007-05-09T08:04:59Z,-17.986284,26.536701,509,31.24527,0,0,No Data,No Data
1178697920,2007-05-09T08:05:20Z,-17.986303,26.537535,507,31.3337,0,0,No Data,No Data
1178697947,2007-05-09T08:05:47Z,-17.986337,26.538583,510,31.44482,0,0,No Data,No Data
1178697979,2007-05-09T08:06:19Z,-17.986380,26.539841,513,31.5782,0,0,No Data,No Data
1178698000,2007-05-09T08:06:40Z,-17.986409,26.540680,510,31.66712,0,0,No Data,No Data
1178698021,2007-05-09T08:07:01Z,-17.986437,26.541518,513,31.75594,0,0,No Data,No Data
1178698048,2007-05-09T08:07:28Z,-17.986473,26.542565,514,31.86693,0,0,No Data,No Data
1178698085,2007-05-09T08:08:05Z,-17.986478,26.544010,511,32.01998,0,0,No Data,No Data
1178698111,2007-05-09T08:08:31Z,-17.986476,26.545039,508,32.12901,0,0,No Data,No Data
1178698132,2007-05-09T08:08:52Z,-17.986477,26.545864,511,32.21642,0,0,No Data,No Data
1178698163,2007-05-09T08:09:23Z,-17.986478,26.547101,511,32.3475,0,0,No Data,No Data
1178698184,2007-05-09T08:09:44Z,-17.986479,26.547926,512,32.43496,0,0,No Data,No Data
1178698211,2007-05-09T08:10:11Z,-17.986504,26.548968,509,32.54542,0,0,No Data,No Data
1178698243,2007-05-09T08:10:43Z,-17.986536,26.550219,507,32.67798,0,0,No Data,No Data
1178698261,2007-05-09T08:11:01Z,-17.986797,26.550868,507,32.75269,0,0,No Data,No Data
1178698288,2007-05-09T08:11:28Z,-17.987039,26.551921,510,32.86742,0,0,No Data,No Data
1178698304,2007-05-09T08:11:44Z,-17.987046,26.552541,525,32.93316,0,0,No Data,No Data
1178698331,2007-05-09T08:12:11Z,-17.987287,26.553593,525,33.04778,0,0,No Data,No Data
1178698363,2007-05-09T08:12:43Z,-17.987300,26.554834,521,33.17921,0,0,No Data,No Data
1178698379,2007-05-09T08:12:59Z,-17.987307,26.555454,518,33.24492,0,0,No Data,No Data
1178698405,2007-05-09T08:13:25Z,-17.987318,26.556488,511,33.35448,0,0,No Data,No Data
1178698426,2007-05-09T08:13:46Z,-17.987336,26.557319,510,33.44252,0,0,No Data,No Data
1178698463,2007-05-09T08:14:23Z,-17.987354,26.558767,515,33.59591,0,0,No Data,No Data
1178698489,2007-05-09T08:14:49Z,-17.987367,26.559802,507,33.70552,0,0,No Data,No Data
1178698519,2007-05-09T08:15:19Z,-17.987738,26.560893,515,33.8283,0,0,No Data,No Data
1178698540,2007-05-09T08:15:40Z,-17.987756,26.561722,509,33.91621,0,0,No Data,No Data
1178698562,2007-05-09T08:16:02Z,-17.987991,26.562561,519,34.00886,0,0,No Data,No Data
1178698579,2007-05-09T08:16:19Z,-17.988210,26.563188,513,34.07964,0,0,No Data,No Data
1178698611,2007-05-09T08:16:51Z,-17.989016,26.564086,507,34.21051,0,0,No Data,No Data
1178698633,2007-05-09T08:17:13Z,-17.989366,26.564899,506,34.30507,0,0,No Data,No Data
1178698663,2007-05-09T08:17:43Z,-17.990100,26.565772,507,34.42849,0,0,No Data,No Data
1178698685,2007-05-09T08:18:05Z,-17.990349,26.566610,517,34.52148,0,0,No Data,No Data
1178698719,2007-05-09T08:18:39Z,-17.991290,26.567485,508,34.66138,0,0,No Data,No Data
1178698751,2007-05-09T08:19:11Z,-17.992285,26.568169,507,34.79378,0,0,No Data,No Data
1178698776,2007-05-09T08:19:36Z,-17.992989,26.568821,519,34.89829,0,0,No Data,No Data
1178698799,2007-05-09T08:19:59Z,-17.993642,26.569459,505,34.99758,0,0,No Data,No Data
1178698827,2007-05-09T08:20:27Z,-17.994576,26.569918,506,35.11246,0,0,No Data,No Data
1178698855,2007-05-09T08:20:55Z,-17.995510,26.570376,508,35.22724,0,0,No Data,No Data
1178698888,2007-05-09T08:21:28Z,-17.996570,26.571071,506,35.36637,0,0,No Data,No Data
1178698917,2007-05-09T08:21:57Z,-17.997554,26.571542,509,35.48682,0,0,No Data,No Data
1178698952,2007-05-09T08:22:32Z,-17.998788,26.572028,520,35.63357,0,0,No Data,No Data
1178698978,2007-05-09T08:22:58Z,-17.999710,26.572279,543,35.73967,0,0,No Data,No Data
1178699001,2007-05-09T08:23:21Z,-18.000582,26.572315,531,35.83688,0,0,No Data,No Data
1178699024,2007-05-09T08:23:44Z,-18.001451,26.572351,518,35.9338,0,0,No Data,No Data
1178699051,2007-05-09T08:24:11Z,-18.002446,26.572372,507,36.04461,0,0,No Data,No Data
1178699075,2007-05-09T08:24:35Z,-18.003341,26.572416,508,36.14442,0,0,No Data,No Data
1178699110,2007-05-09T08:25:10Z,-18.004678,26.572483,507,36.29353,0,0,No Data,No Data
1178699134,2007-05-09T08:25:34Z,-18.005566,26.572527,507,36.39256,0,0,No Data,No Data
1178699158,2007-05-09T08:25:58Z,-18.006451,26.572571,506,36.49121,0,0,No Data,No Data
1178699182,2007-05-09T08:26:22Z,-18.007355,26.572622,506,36.5921,0,0,No Data,No Data
1178699206,2007-05-09T08:26:46Z,-18.008229,26.572862,512,36.69277,0,0,No Data,No Data
1178699235,2007-05-09T08:27:15Z,-18.009298,26.572909,512,36.81195,0,0,No Data,No Data
1178699265,2007-05-09T08:27:45Z,-18.010404,26.573165,505,36.93812,0,0,No Data,No Data
1178699290,2007-05-09T08:28:10Z,-18.011287,26.573409,511,37.03983,0,0,No Data,No Data
1178699314,2007-05-09T08:28:34Z,-18.012167,26.573652,513,37.14115,0,0,No Data,No Data
1178699337,2007-05-09T08:28:57Z,-18.013035,26.573695,509,37.23799,0,0,No Data,No Data
1178699369,2007-05-09T08:29:29Z,-18.014132,26.574145,511,37.36918,0,0,No Data,No Data
1178699392,2007-05-09T08:29:52Z,-18.014994,26.574188,510,37.46529,0,0,No Data,No Data
1178699411,2007-05-09T08:30:11Z,-18.015663,26.574422,508,37.54384,0,0,No Data,No Data
1178699440,2007-05-09T08:30:40Z,-18.016658,26.574894,511,37.66547,0,0,No Data,No Data
1178699463,2007-05-09T08:31:03Z,-18.017357,26.575472,509,37.76457,0,0,No Data,No Data
1178699486,2007-05-09T08:31:26Z,-18.017991,26.576083,505,37.86033,0,0,No Data,No Data
1178699506,2007-05-09T08:31:46Z,-18.018433,26.576689,520,37.94122,0,0,No Data,No Data
1178699529,2007-05-09T08:32:09Z,-18.018856,26.577482,518,38.03753,0,0,No Data,No Data
1178699552,2007-05-09T08:32:32Z,-18.019284,26.578275,520,38.1342,0,0,No Data,No Data
1178699575,2007-05-09T08:32:55Z,-18.019929,26.578884,520,38.23081,0,0,No Data,No Data
1178699602,2007-05-09T08:33:22Z,-18.020590,26.579689,510,38.34347,0,0,No Data,No Data
1178699628,2007-05-09T08:33:48Z,-18.021208,26.580482,510,38.45206,0,0,No Data,No Data
1178699644,2007-05-09T08:34:04Z,-18.021411,26.581066,520,38.51794,0,0,No Data,No Data
1178699668,2007-05-09T08:34:28Z,-18.021848,26.581855,507,38.61467,0,0,No Data,No Data
1178699688,2007-05-09T08:34:48Z,-18.022079,26.582637,516,38.70141,0,0,No Data,No Data
1178699711,2007-05-09T08:35:11Z,-18.022471,26.583414,507,38.79463,0,0,No Data,No Data
1178699734,2007-05-09T08:35:34Z,-18.022897,26.584198,510,38.89025,0,0,No Data,No Data
1178699757,2007-05-09T08:35:57Z,-18.023347,26.584985,514,38.98758,0,0,No Data,No Data
1178699778,2007-05-09T08:36:18Z,-18.023597,26.585767,521,39.07498,0,0,No Data,No Data
1178699800,2007-05-09T08:36:40Z,-18.023999,26.586542,513,39.16848,0,0,No Data,No Data
1178699823,2007-05-09T08:37:03Z,-18.024427,26.587321,515,39.26379,0,0,No Data,No Data
1178699851,2007-05-09T08:37:31Z,-18.024866,26.588292,516,39.37769,0,0,No Data,No Data
1178699871,2007-05-09T08:37:51Z,-18.025070,26.589061,527,39.46227,0,0,No Data,No Data
1178699893,2007-05-09T08:38:13Z,-18.025476,26.589833,509,39.55572,0,0,No Data,No Data
1178699920,2007-05-09T08:38:40Z,-18.025882,26.590795,509,39.66718,0,0,No Data,No Data
1178699947,2007-05-09T08:39:07Z,-18.026302,26.591757,505,39.77931,0,0,No Data,No Data
1178699967,2007-05-09T08:39:27Z,-18.026517,26.592524,503,39.86407,0,0,No Data,No Data
1178699990,2007-05-09T08:39:50Z,-18.026936,26.593293,507,39.95801,0,0,No Data,No Data
1178700013,2007-05-09T08:40:13Z,-18.027362,26.594062,504,40.05231,0,0,No Data,No Data
1178700035,2007-05-09T08:40:35Z,-18.027788,26.594829,502,40.1464,0,0,No Data,No Data
1178700058,2007-05-09T08:40:58Z,-18.028420,26.595406,501,40.23967,0,0,No Data,No Data
1178700080,2007-05-09T08:41:20Z,-18.029055,26.595982,503,40.33307,0,0,No Data,No Data
1178700106,2007-05-09T08:41:46Z,-18.029691,26.596745,500,40.44058,0,0,No Data,No Data
1178700117,2007-05-09T08:41:57Z,-18.029904,26.597126,500,40.48744,0,0,No Data,No Data
1178700143,2007-05-09T08:42:23Z,-18.030533,26.597886,503,40.59419,0,0,No Data,No Data
1178700168,2007-05-09T08:42:48Z,-18.031160,26.598644,504,40.70064,0,0,No Data,No Data
1178700190,2007-05-09T08:43:10Z,-18.031545,26.599398,507,40.79129,0,0,No Data,No Data
1178700211,2007-05-09T08:43:31Z,-18.032123,26.599961,502,40.87913,0,0,No Data,No Data
1178700236,2007-05-09T08:43:56Z,-18.032895,26.600522,504,40.98368,0,0,No Data,No Data
1178700261,2007-05-09T08:44:21Z,-18.033664,26.601082,504,41.08791,0,0,No Data,No Data
1178700287,2007-05-09T08:44:47Z,-18.034453,26.601641,503,41.19388,0,0,No Data,No Data
1178700312,2007-05-09T08:45:12Z,-18.035248,26.602198,500,41.30028,0,0,No Data,No Data
1178700336,2007-05-09T08:45:36Z,-18.036064,26.602567,503,41.39927,0,0,No Data,No Data
1178700358,2007-05-09T08:45:58Z,-18.036872,26.602747,502,41.49129,0,0,No Data,No Data
1178700381,2007-05-09T08:46:21Z,-18.037656,26.603112,500,41.58685,0,0,No Data,No Data
1178700402,2007-05-09T08:46:42Z,-18.038415,26.603290,498,41.67345,0,0,No Data,No Data
1178700421,2007-05-09T08:47:01Z,-18.039156,26.603282,501,41.75606,0,0,No Data,No Data
1178700455,2007-05-09T08:47:35Z,-18.039081,26.601979,500,41.89414,0,0,No Data,No Data
1178700461,2007-05-09T08:47:41Z,-18.039331,26.601980,500,41.92201,0,0,No Data,No Data
1178700469,2007-05-09T08:47:49Z,-18.039577,26.601800,501,41.95543,0,0,No Data,No Data
1178700477,2007-05-09T08:47:57Z,-18.039831,26.601681,501,41.98644,0,0,No Data,No Data
1178700483,2007-05-09T08:48:03Z,-18.040016,26.601562,501,42.01058,0,0,No Data,No Data
1178700489,2007-05-09T08:48:09Z,-18.040262,26.601504,501,42.03873,0,0,No Data,No Data
1178700497,2007-05-09T08:48:17Z,-18.040507,26.601385,499,42.0688,0,0,No Data,No Data
1178700503,2007-05-09T08:48:23Z,-18.040753,26.601387,499,42.0962,0,0,No Data,No Data
1178700512,2007-05-09T08:48:32Z,-18.041057,26.601270,499,42.13227,0,0,No Data,No Data
1178700518,2007-05-09T08:48:38Z,-18.041300,26.601212,497,42.16004,0,0,No Data,No Data
1178700550,2007-05-09T08:49:10Z,-18.042138,26.600332,501,42.29189,0,0,No Data,No Data
1178700557,2007-05-09T08:49:17Z,-18.042376,26.600276,501,42.31905,0,0,No Data,No Data
1178700563,2007-05-09T08:49:23Z,-18.042552,26.600102,501,42.34599,0,0,No Data,No Data
1178700615,2007-05-09T08:50:15Z,-18.044316,26.599257,500,42.56178,0,0,No Data,No Data
1178700659,2007-05-09T08:50:59Z,-18.045874,26.598717,499,42.74449,0,0,No Data,No Data
1178700664,2007-05-09T08:51:04Z,-18.046044,26.598607,499,42.76677,0,0,No Data,No Data
1178700669,2007-05-09T08:51:09Z,-18.046154,26.598437,499,42.78855,0,0,No Data,No Data
1178700676,2007-05-09T08:51:16Z,-18.046381,26.598329,503,42.81628,0,0,No Data,No Data
1178700684,2007-05-09T08:51:24Z,-18.046663,26.598223,503,42.8497,0,0,No Data,No Data
1178700692,2007-05-09T08:51:32Z,-18.046944,26.598174,503,42.88144,0,0,No Data,No Data
1178700699,2007-05-09T08:51:39Z,-18.047225,26.598183,500,42.91276,0,0,No Data,No Data
1178700705,2007-05-09T08:51:45Z,-18.047448,26.598189,500,42.93763,0,0,No Data,No Data
1178700711,2007-05-09T08:51:51Z,-18.047668,26.598138,500,42.96271,0,0,No Data,No Data
1178700720,2007-05-09T08:52:00Z,-18.047998,26.598091,498,42.99986,0,0,No Data,No Data
1178700725,2007-05-09T08:52:05Z,-18.048162,26.598039,498,43.01896,0,0,No Data,No Data
1178700732,2007-05-09T08:52:12Z,-18.048436,26.597991,499,43.0499,0,0,No Data,No Data
1178700738,2007-05-09T08:52:18Z,-18.048653,26.597941,499,43.07472,0,0,No Data,No Data
1178700775,2007-05-09T08:52:55Z,-18.050034,26.597984,498,43.22856,0,0,No Data,No Data
1178700786,2007-05-09T08:53:06Z,-18.050296,26.598346,496,43.27683,0,0,No Data,No Data
1178700796,2007-05-09T08:53:16Z,-18.050551,26.598618,498,43.31734,0,0,No Data,No Data
1178700804,2007-05-09T08:53:24Z,-18.050723,26.598887,497,43.35169,0,0,No Data,No Data
1178700815,2007-05-09T08:53:35Z,-18.050896,26.599244,497,43.39423,0,0,No Data,No Data
1178700829,2007-05-09T08:53:49Z,-18.051075,26.599779,496,43.45436,0,0,No Data,No Data
1178700836,2007-05-09T08:53:56Z,-18.051167,26.600047,496,43.48458,0,0,No Data,No Data
1178700848,2007-05-09T08:54:08Z,-18.051263,26.600492,502,43.53291,0,0,No Data,No Data
1178700856,2007-05-09T08:54:16Z,-18.051443,26.600761,497,43.5678,0,0,No Data,No Data
1178700868,2007-05-09T08:54:28Z,-18.051536,26.601203,497,43.61582,0,0,No Data,No Data
1178700877,2007-05-09T08:54:37Z,-18.051620,26.601556,496,43.65435,0,0,No Data,No Data
1178700888,2007-05-09T08:54:48Z,-18.051617,26.601994,496,43.70074,0,0,No Data,No Data
1178700899,2007-05-09T08:54:59Z,-18.051615,26.602432,496,43.74718,0,0,No Data,No Data
1178700911,2007-05-09T08:55:11Z,-18.051698,26.602872,496,43.79472,0,0,No Data,No Data
1178700920,2007-05-09T08:55:20Z,-18.051706,26.603225,496,43.83212,0,0,No Data,No Data
1178700929,2007-05-09T08:55:29Z,-18.051797,26.603577,496,43.87084,0,0,No Data,No Data
1178700937,2007-05-09T08:55:37Z,-18.051968,26.603841,496,43.90473,0,0,No Data,No Data
1178700946,2007-05-09T08:55:46Z,-18.052059,26.604193,496,43.94343,0,0,No Data,No Data
1178700958,2007-05-09T08:55:58Z,-18.052150,26.604632,496,43.99109,0,0,No Data,No Data
1178700970,2007-05-09T08:56:10Z,-18.052317,26.605070,496,44.04108,0,0,No Data,No Data
1178700979,2007-05-09T08:56:19Z,-18.052401,26.605420,496,44.07934,0,0,No Data,No Data
1178700988,2007-05-09T08:56:28Z,-18.052488,26.605770,496,44.1177,0,0,No Data,No Data
1178700997,2007-05-09T08:56:37Z,-18.052575,26.606120,496,44.15606,0,0,No Data,No Data
1178701002,2007-05-09T08:56:42Z,-18.052577,26.606295,496,44.17465,0,0,No Data,No Data
