26.597116,-18.055477,511
26.597423,-18.055205,508
26.597637,-18.054861,508
26.59786,-18.054596,508
26.598167,-18.054322,518
26.598483,-18.054126,518
26.598696,-18.053781,518
26.598929,-18.053595,526
26.599235,-18.053321,526
26.59945,-18.052979,526
26.59975,-18.052628,520
26.599974,-18.052364,520
26.600209,-18.052181,520
26.600436,-18.05192,502
26.600739,-18.05157,497
26.600964,-18.051305,497
26.601274,-18.051031,496
26.601499,-18.050766,496
26.601966,-18.050392,496
26.602185,-18.050123,517
26.602572,-18.049836,517
26.602875,-18.049559,538
26.603178,-18.049283,541
26.603483,-18.049008,541
26.603781,-18.048653,547
26.60408,-18.048299,546
26.604286,-18.047875,546
26.604333,-18.047548,551
26.60438,-18.04722,551
26.604323,-18.046743,557
26.604259,-18.046186,558
26.604216,-18.045787,558
26.603879,-18.045823,558
26.603628,-18.04585,553
26.603219,-18.045975,553
26.60291,-18.04625,555
26.602601,-18.046525,555
26.602294,-18.0468,555
26.602145,-18.046977,551
26.601949,-18.047482,549
26.601735,-18.047827,549
26.601447,-18.048261,542
26.601235,-18.048608,537
26.601024,-18.048955,513
26.600804,-18.049223,513
26.600507,-18.049579,496
26.600295,-18.049927,496
26.59992,-18.050371,496
26.599695,-18.050637,496
26.599367,-18.050752,497
26.599058,-18.051026,497
26.598665,-18.05131,500
26.59844,-18.051574,500
26.598113,-18.051689,500
26.597805,-18.051963,499
26.59758,-18.052227,509
26.597095,-18.05244,502
26.596778,-18.052634,502
26.596377,-18.052837,502
26.595714,-18.05299,503
26.595304,-18.053114,504
26.5948,-18.053167,504
26.594381,-18.053211,507
26.594045,-18.053247,507
26.593542,-18.053299,510
26.593197,-18.053256,510
26.592981,-18.052877,510
26.592934,-18.052479,517
26.59297,-18.052072,517
26.593267,-18.051719,519
26.593574,-18.051446,519
26.593974,-18.051243,510
26.594291,-18.051049,511
26.594692,-18.050846,506
26.595009,-18.050652,506
26.59541,-18.050448,506
26.595737,-18.050333,502
26.596055,-18.050138,502
26.596466,-18.050014,500
26.596719,-18.049987,500
26.597121,-18.049783,500
26.597449,-18.049667,498
26.597842,-18.049383,501
26.597992,-18.049205,501
26.598301,-18.048929,496
26.598694,-18.048644,498
26.599002,-18.048368,507
26.599319,-18.048172,507
26.599793,-18.047877,525
26.600109,-18.047681,533
26.600499,-18.047396,533
26.600889,-18.047112,542
26.601373,-18.046899,551
26.601755,-18.046535,551
26.602064,-18.04626,551
26.602382,-18.046064,545
26.602776,-18.04578,545
26.602992,-18.045433,553
26.603308,-18.045238,548
26.60334,-18.044749,548
26.602988,-18.044625,548
26.60257,-18.044669,539
26.602067,-18.044722,532
26.601648,-18.044766,532
26.601229,-18.04481,523
26.601061,-18.044828,523
26.600567,-18.044961,523
26.600165,-18.045166,512
26.599762,-18.045371,512
26.599286,-18.045665,505
26.599211,-18.045754,505
26.598639,-18.045977,499
26.59832,-18.046174,499
26.597917,-18.046379,499
26.597513,-18.046585,499
26.597194,-18.046781,500
26.596866,-18.046898,500
26.596463,-18.047103,500
26.596069,-18.047388,502
26.595741,-18.047504,502
26.595507,-18.047691,502
26.59502,-18.047906,502
26.594693,-18.048021,502
26.594281,-18.048146,508
26.593786,-18.04828,513
26.593534,-18.048307,513
26.593029,-18.04836,513
26.592442,-18.048423,523
26.592022,-18.048467,525
26.591583,-18.048353,525
26.59146,-18.048043,525
26.591421,-18.047724,534
26.591382,-18.047405,534
26.591312,-18.046845,529
26.59143,-18.046428,520
26.591631,-18.046,514
26.592013,-18.045634,514
26.592405,-18.045348,511
26.592723,-18.045151,511
26.59322,-18.045016,511
26.593803,-18.044873,512
26.594132,-18.044757,512
26.594555,-18.044712,512
26.594892,-18.044676,515
26.59523,-18.04464,515
26.595905,-18.044567,519
26.596497,-18.0445,503
26.597005,-18.044445,503
26.597597,-18.044381,538
26.598029,-18.044416,500
26.598462,-18.044451,500
26.5988,-18.044415,500
26.599232,-18.044451,500
26.599663,-18.044486,500
26.600093,-18.044523,506
26.600345,-18.044497,506
26.600849,-18.044444,519
26.601612,-18.044445,538
26.602032,-18.044401,538
26.602543,-18.044429,544
26.603045,-18.044376,546
26.603464,-18.044331,546
26.603887,-18.044286,545
26.604309,-18.04424,545
26.604816,-18.044185,543
26.605239,-18.044139,543
26.605832,-18.044075,536
26.605972,-18.043734,536
26.605943,-18.043411,517
26.605667,-18.043196,517
26.605136,-18.043007,521
26.60496,-18.042945,521
26.604613,-18.0429,525
26.603996,-18.042721,505
26.60331,-18.042713,502
26.602709,-18.042696,505
26.602277,-18.042661,505
26.601846,-18.042625,505
26.601337,-18.04268,505
26.600822,-18.042652,502
26.600232,-18.042713,501
26.599799,-18.042678,501
26.599629,-18.042697,503
26.59929,-18.042733,503
26.598772,-18.042707,504
26.598339,-18.042672,504
26.597812,-18.042566,504
26.597548,-18.042513,504
26.59704,-18.042569,510
26.596513,-18.042464,510
26.596062,-18.042273,532
26.595536,-18.04217,532
26.595169,-18.041966,524
26.594802,-18.041759,524
26.594519,-18.041543,523
26.593972,-18.041273,523
26.593583,-18.040903,518
26.593536,-18.040502,518
26.593602,-18.040333,533
26.593931,-18.040218,530
26.59427,-18.040182,530
26.594694,-18.040138,534
26.595202,-18.040085,534
26.595626,-18.04004,531
26.596049,-18.039994,531
26.596387,-18.039957,525
26.596745,-18.040079,525
26.597093,-18.040122,525
26.597536,-18.040236,525
26.597894,-18.040359,525
26.598253,-18.04048,509
26.598697,-18.040594,509
26.599064,-18.0408,505
26.599422,-18.040924,505
26.599884,-18.041201,500
26.600412,-18.041306,497
26.600846,-18.041341,497
26.601279,-18.041376,497
26.601552,-18.04151,500
26.601985,-18.041546,500
26.602239,-18.041518,500
26.602681,-18.041634,500
26.60302,-18.041598,502
26.603368,-18.041643,502
26.603713,-18.041689,502
26.604313,-18.041707,507
26.604745,-18.041743,513
26.60526,-18.04177,513
26.605688,-18.041808,517
26.606032,-18.041854,517
26.606618,-18.041793,521
26.607048,-18.04183,521
26.607466,-18.041786,530
26.607895,-18.041822,530
26.608227,-18.041788,541
26.608736,-18.041817,541
26.609153,-18.041774,551
26.609571,-18.04173,551
26.609905,-18.041695,560
26.610133,-18.041511,560
26.610091,-18.041193,565
26.610051,-18.040874,565
26.609852,-18.040569,565
26.609418,-18.040452,561
26.609066,-18.040326,555
26.608711,-18.040201,556
26.608189,-18.040094,556
26.607919,-18.03996,555
26.607482,-18.039843,555
26.607137,-18.039797,552
26.606634,-18.03985,552
26.606039,-18.039829,546
26.605779,-18.039773,546
26.605271,-18.039741,528
26.605022,-18.039764,528
26.604422,-18.039656,510
26.604256,-18.039671,510
26.603574,-18.039657,501
26.602963,-18.039557,500
26.602624,-18.039594,502
26.602105,-18.039567,500
26.601501,-18.03955,500
26.600973,-18.039443,501
26.600453,-18.039418,507
26.600104,-18.039375,507
26.599574,-18.039272,517
26.599139,-18.039241,517
26.598704,-18.039211,535
26.598344,-18.03909,535
26.597901,-18.03898,539
26.597373,-18.038877,539
26.596846,-18.038774,546
26.596583,-18.038723,546
26.596056,-18.038619,559
26.595511,-18.038355,559
26.595154,-18.038233,563
26.595191,-18.037819,560
26.59551,-18.037619,559
26.595998,-18.0374,559
26.596506,-18.037344,557
26.596845,-18.037306,557
26.597523,-18.037227,548
26.597947,-18.037177,548
26.598372,-18.037127,539
26.598636,-18.037177,539
26.599167,-18.037275,524
26.599337,-18.037254,524
26.599954,-18.037342,510
26.6004,-18.037453,510
26.60093,-18.037559,501
26.601195,-18.037612,501
26.601638,-18.037729,500
26.602176,-18.037918,500
26.602611,-18.037953,500
26.603055,-18.038069,498
26.603489,-18.038104,498
26.603995,-18.038054,505
26.604423,-18.038097,505
26.604672,-18.038075,528
26.60517,-18.038032,528
26.605511,-18.038084,544
26.605845,-18.038051,544
26.606265,-18.038009,546
26.606519,-18.037982,546
26.606944,-18.037935,546
26.60754,-18.037868,546
26.607966,-18.03782,542
26.608477,-18.037763,534
26.608968,-18.037547,535
26.609278,-18.037269,535
26.609498,-18.036918,533
26.609466,-18.036592,533
26.609274,-18.036364,533
26.608999,-18.036143,530
26.60872,-18.035925,521
26.608367,-18.035796,521
26.608014,-18.035665,519
26.607828,-18.035519,519
26.607303,-18.035408,519
26.606947,-18.03528,512
26.606693,-18.035306,512
26.606083,-18.035204,509
26.60565,-18.035166,509
26.605225,-18.03521,509
26.604885,-18.035246,509
26.604461,-18.035289,506
26.604037,-18.035332,506
26.603444,-18.035392,500
26.602847,-18.035456,503
26.602592,-18.035484,503
26.602165,-18.03553,503
26.601569,-18.035594,502
26.601143,-18.03564,500
26.600726,-18.035767,500
26.600471,-18.035795,504
26.600044,-18.035844,504
26.59953,-18.035907,509
26.599189,-18.035947,509
26.598593,-18.036016,511
26.598337,-18.036046,511
26.597817,-18.036022,525
26.597374,-18.035904,525
26.597005,-18.035695,531
26.596882,-18.035376,522
26.59675,-18.034975,522
26.596702,-18.034563,513
26.596929,-18.034286,513
26.597346,-18.034153,506
26.597678,-18.034034,502
26.598171,-18.033814,508
26.598597,-18.033767,508
26.598939,-18.033728,505
26.599281,-18.03369,505
26.599708,-18.033642,503
26.600135,-18.033596,503
26.600647,-18.033541,504
26.601073,-18.033498,504
26.601414,-18.033461,502
26.601755,-18.033425,502
26.602191,-18.033461,503
26.602541,-18.033507,503
26.603052,-18.033454,506
26.603562,-18.033403,506
26.6039,-18.033371,511
26.604239,-18.033339,511
26.604746,-18.033291,518
26.605074,-18.033179,518
26.605405,-18.033062,518
26.60565,-18.032954,518
26.606121,-18.032578,533
26.606517,-18.032292,527
26.606647,-18.031954,543
26.606685,-18.03154,543
26.60663,-18.031052,537
26.606344,-18.030744,537
26.606065,-18.030519,534
26.605786,-18.030294,533
26.605144,-18.029948,524
26.604851,-18.02965,524
26.604498,-18.029509,515
26.604245,-18.02953,515
26.603708,-18.02933,514
26.60311,-18.029392,514
26.602597,-18.029449,516
26.601997,-18.029515,523
26.601313,-18.02959,513
26.600895,-18.029717,513
26.600478,-18.029841,509
26.600317,-18.029939,509
26.599739,-18.030162,509
26.59934,-18.030451,505
26.599026,-18.030732,505
26.598703,-18.030932,504
26.598399,-18.031295,502
26.598086,-18.031578,502
26.597782,-18.031943,503
26.597545,-18.032134,502
26.597317,-18.032409,502
26.597004,-18.032695,506
26.596776,-18.032971,511
26.596549,-18.033247,511
26.596227,-18.033459,523
26.595915,-18.033745,515
26.595584,-18.033863,515
26.595187,-18.03415,516
26.594781,-18.034363,516
26.59444,-18.034403,522
26.594016,-18.034453,522
26.593731,-18.034237,526
26.593608,-18.033923,526
26.593495,-18.033695,526
26.593449,-18.0333,547
26.593413,-18.032986,547
26.593536,-18.03257,569
26.593846,-18.032283,567
26.594156,-18.031998,553
26.594635,-18.031676,533
26.594879,-18.031552,533
26.595275,-18.031235,533
26.595511,-18.031031,502
26.595843,-18.030904,502
26.596071,-18.03063,502
26.596384,-18.030347,500
26.596707,-18.030147,500
26.596945,-18.029956,500
26.597353,-18.029746,501
26.597677,-18.029546,505
26.598085,-18.029338,513
26.598652,-18.029054,513
26.598974,-18.028866,522
26.599381,-18.028663,547
26.599618,-18.02847,547
26.600018,-18.028175,529
26.600321,-18.027816,543
26.600558,-18.027627,539
26.600784,-18.027361,539
26.601011,-18.027094,539
26.601219,-18.026663,552
26.60126,-18.026233,552
26.601225,-18.025892,538
26.600942,-18.025667,538
26.600515,-18.025706,538
26.599994,-18.02567,533
26.599652,-18.025702,532
26.59931,-18.025735,532
26.598882,-18.025775,532
26.598454,-18.025816,524
26.598216,-18.026013,524
26.597825,-18.026397,523
26.597512,-18.026672,523
26.597284,-18.026937,523
26.597075,-18.027368,504
26.596771,-18.027724,504
26.596457,-18.028,504
26.596248,-18.028439,502
26.596096,-18.028622,502
26.595801,-18.029072,503
26.595498,-18.029439,503
26.595184,-18.029724,502
26.594947,-18.029916,502
26.594624,-18.030118,502
26.594388,-18.030322,504
26.593832,-18.030742,520
26.59328,-18.031164,531
26.592888,-18.031478,566
26.59257,-18.031686,566
26.592272,-18.032059,572
26.591878,-18.032353,577
26.591474,-18.032562,577
26.591076,-18.032843,578
26.590652,-18.032888,557
26.590312,-18.032924,558
26.590116,-18.032708,581
26.590065,-18.032239,581
26.590028,-18.031919,598
26.589999,-18.031678,598
26.590035,-18.031263,598
26.590337,-18.030964,593
26.590641,-18.030666,575
26.590778,-18.030392,555
26.591167,-18.030081,555
26.59141,-18.02996,539
26.591643,-18.029759,539
26.592036,-18.029454,549
26.592206,-18.02943,526
26.592778,-18.029172,526
26.592853,-18.029077,526
26.593175,-18.028867,511
26.593677,-18.028721,511
26.594066,-18.028339,502
26.594389,-18.028137,502
26.594703,-18.027853,502
26.594931,-18.027578,502
26.595331,-18.027285,502
26.595636,-18.026919,504
26.59593,-18.02647,504
26.59614,-18.026036,510
26.596292,-18.025857,513
26.596597,-18.025501,513
26.596825,-18.025242,536
26.596852,-18.024774,536
26.596642,-18.024482,564
26.596195,-18.024375,566
26.595853,-18.024413,566
26.595425,-18.024449,566
26.594996,-18.024483,566
26.594481,-18.024525,557
26.594138,-18.024553,557
26.593708,-18.024587,515
26.593554,-18.024756,515
26.593324,-18.025016,515
26.592934,-18.025388,515
26.592706,-18.025665,517
26.592496,-18.026097,517
26.592334,-18.026195,517
26.592048,-18.026719,505
26.591906,-18.026985,505
26.591775,-18.027335,502
26.591656,-18.02778,502
26.591297,-18.028355,538
26.591087,-18.028736,561
26.590888,-18.0292,561
26.590571,-18.029413,561
26.590265,-18.029707,571
26.589865,-18.029931,571
26.589457,-18.030076,593
26.589217,-18.030195,593
26.588711,-18.030257,601
26.588292,-18.030313,601
26.587789,-18.030379,611
26.587361,-18.030352,611
26.58709,-18.030222,624
26.586873,-18.029839,624
26.586854,-18.029679,624
26.586768,-18.028956,631
26.586941,-18.028277,633
26.587149,-18.027911,633
26.587677,-18.027465,613
26.587746,-18.027362,613
26.588289,-18.026997,547
26.588765,-18.026734,547
26.588991,-18.026511,524
26.589475,-18.026263,524
26.589969,-18.02604,509
26.590302,-18.025919,509
26.59071,-18.025704,509
26.590937,-18.025427,509
26.591433,-18.025208,515
26.591758,-18.025012,589
26.59217,-18.024812,515
26.592572,-18.024534,541
26.592812,-18.024354,541
26.5933,-18.024076,541
26.59354,-18.023903,541
26.593933,-18.023563,586
26.594429,-18.02337,586
26.594762,-18.023265,589
26.59516,-18.022988,589
26.595406,-18.022878,589
26.595795,-18.022506,599
26.595671,-18.022189,599
26.59513,-18.022007,607
26.594694,-18.021976,607
26.594172,-18.021943,607
26.593831,-18.021976,607
26.593479,-18.021929,604
26.593053,-18.021981,604
26.592628,-18.022034,611
26.592204,-18.022096,597
26.591782,-18.022165,619
26.591547,-18.022361,619
26.591063,-18.022649,629
26.590744,-18.022899,585
26.590589,-18.023062,585
26.590187,-18.023379,569
26.589783,-18.023698,525
26.58948,-18.024115,518
26.589247,-18.024372,518
26.588931,-18.024648,527
26.588618,-18.024935,516
26.588306,-18.025221,516
26.587908,-18.025517,532
26.587688,-18.02581,532
26.587384,-18.026057,532
26.587248,-18.026274,574
26.586783,-18.02655,606
26.58638,-18.026704,606
26.586144,-18.02683,624
26.585732,-18.026899,624
26.585361,-18.026886,634
26.585245,-18.026499,634
26.585392,-18.026373,634
26.585542,-18.026282,624
26.585691,-18.026153,583
26.585844,-18.02606,583
26.585956,-18.025935,583
26.586185,-18.025757,583
26.586378,-18.02562,555
26.586531,-18.025488,555
26.586645,-18.02536,519
26.58684,-18.025221,519
26.58695,-18.025056,519
26.587178,-18.024918,519
26.587287,-18.024792,513
26.5874,-18.024704,513
26.587546,-18.024536,515
26.58769,-18.024369,515
26.587754,-18.024212,515
26.58794,-18.02408,515
26.588047,-18.023956,518
26.588189,-18.02379,518
26.588328,-18.023628,533
26.588468,-18.023505,533
26.588642,-18.023342,533
26.588825,-18.023252,533
26.589002,-18.023125,551
26.589139,-18.023005,551
26.589317,-18.022918,551
26.58949,-18.022796,600
26.589586,-18.022681,600
26.589682,-18.022565,600
26.589811,-18.022411,619
26.589869,-18.02222,619
26.589926,-18.022029,632
26.589948,-18.021879,632
26.589927,-18.021697,632
26.589919,-18.021503,632
26.589793,-18.021402,632
26.589633,-18.021421,630
26.589398,-18.021446,630
26.589208,-18.021543,630
26.589063,-18.021711,630
26.589029,-18.02175,630
26.588824,-18.021949,627
26.588725,-18.022066,583
26.588591,-18.022222,583
26.588458,-18.022379,583
26.588321,-18.022498,583
26.588184,-18.022617,583
26.588007,-18.022741,566
26.587869,-18.022861,566
26.587652,-18.022989,526
26.587467,-18.023079,526
26.587319,-18.023168,526
26.587175,-18.023294,520
26.586952,-18.023428,520
26.586807,-18.023555,520
26.586586,-18.023728,513
26.586403,-18.023899,513
26.586259,-18.024066,513
26.586074,-18.02424,506
26.58597,-18.024404,506
26.585821,-18.024576,537
26.585713,-18.024744,537
26.585559,-18.024839,537
26.585448,-18.024969,537
26.5853,-18.025141,557
26.585146,-18.025237,557
26.584959,-18.025414,609
26.584807,-18.025509,609
26.584616,-18.025608,609
26.584431,-18.025744,625
26.584282,-18.025836,625
26.584092,-18.025895,625
26.583946,-18.025985,625
26.583796,-18.026038,625
26.583608,-18.026096,631
26.583416,-18.026117,631
26.583327,-18.026016,631
26.58331,-18.025871,631
26.583294,-18.025724,631
26.583359,-18.025604,631
26.58346,-18.025443,631
26.583603,-18.025312,599
26.583709,-18.025185,599
26.583862,-18.025128,577
26.583972,-18.025037,577
26.584162,-18.024936,577
26.584316,-18.024878,577
26.584464,-18.024744,577
26.584656,-18.024642,557
26.584889,-18.024535,521
26.585039,-18.024399,521
26.585188,-18.024266,521
26.585381,-18.024166,521
26.585527,-18.023994,506
26.585712,-18.02382,506
26.58582,-18.023694,506
26.585926,-18.02357,521
26.586068,-18.023405,521
26.586171,-18.023243,521
26.586312,-18.023078,520
26.586455,-18.022954,520
26.586598,-18.022831,553
26.586706,-18.022748,553
26.586853,-18.022661,553
26.587033,-18.022535,553
26.587174,-18.022414,553
26.587318,-18.02233,566
26.587488,-18.022175,566
26.587631,-18.022092,566
26.587769,-18.021973,625
26.587868,-18.021858,625
26.588006,-18.02174,625
26.588109,-18.02162,627
26.588254,-18.021492,627
26.588357,-18.02133,627
26.588346,-18.021218,633
26.588332,-18.021069,633
26.588241,-18.020882,633
26.588043,-18.020905,633
26.587805,-18.020933,636
26.587686,-18.020946,636
26.587456,-18.021049,636
26.587312,-18.021174,636
26.587086,-18.021271,615
26.587051,-18.021311,615
26.586869,-18.02144,615
26.586692,-18.021602,615
26.586485,-18.021798,615
26.586391,-18.021945,615
26.586186,-18.022137,537
26.585968,-18.02226,537
26.585754,-18.02242,537
26.58561,-18.022545,537
26.585508,-18.022704,537
26.585403,-18.022827,519
26.585261,-18.022991,514
26.585198,-18.02315,514
26.585019,-18.02336,514
26.584836,-18.023532,514
26.584684,-18.023627,514
26.58446,-18.023807,533
26.584311,-18.023942,533
26.584079,-18.024049,533
26.583935,-18.024225,533
26.583819,-18.024279,533
26.583597,-18.024464,554
26.583416,-18.024644,599
26.583228,-18.024746,599
26.58301,-18.02493,599
26.582785,-18.025036,628
26.582562,-18.02514,628
26.582408,-18.025159,628
26.58222,-18.025219,628
26.582071,-18.025273,642
26.58184,-18.025299,642
26.581754,-18.025235,642
26.581736,-18.025089,554
26.581789,-18.024895,642
26.581959,-18.024686,642
26.582052,-18.024485,626
26.582193,-18.02435,591
26.582304,-18.024295,591
26.582563,-18.02414,591
26.582711,-18.02404,591
26.582864,-18.023979,591
26.583009,-18.02384,554
26.58312,-18.023744,554
26.583346,-18.023595,523
26.583453,-18.023461,523
26.583641,-18.02332,523
26.583829,-18.023178,510
26.584017,-18.023037,510
26.584165,-18.022904,510
26.584312,-18.022775,509
26.584468,-18.022723,509
26.584694,-18.022586,519
26.584885,-18.022491,519
26.585075,-18.022399,519
26.585263,-18.022312,519
26.58545,-18.022225,537
26.58563,-18.022104,537
26.585805,-18.02195,590
26.585983,-18.021832,590
26.586083,-18.021719,590
26.586262,-18.021598,615
26.586401,-18.021438,615
26.586582,-18.021312,615
26.586754,-18.021113,631
26.586898,-18.020988,631
26.587009,-18.020855,631
26.58712,-18.02068,631
26.587228,-18.020463,636
26.587338,-18.020244,590
26.587293,-18.02008,590
26.586975,-18.020112,580
26.586856,-18.020124,580
26.586624,-18.020272,580
26.586391,-18.020377,580
26.586162,-18.020522,621
26.586014,-18.020656,621
26.58579,-18.020836,621
26.585603,-18.020972,621
26.585455,-18.021057,621
26.585382,-18.021097,584
26.585129,-18.021255,553
26.584908,-18.021375,553
26.584646,-18.021501,553
26.584532,-18.021545,525
26.584303,-18.021632,525
26.584029,-18.021688,525
26.583917,-18.021775,525
26.583685,-18.021871,507
26.583497,-18.022003,507
26.583305,-18.022102,507
26.583116,-18.02224,507
26.582973,-18.022413,507
26.582786,-18.022556,516
26.582639,-18.022697,516
26.582533,-18.022832,516
26.582387,-18.022972,547
26.582322,-18.023101,547
26.582138,-18.023249,579
26.582109,-18.023334,579
26.581888,-18.023488,579
26.581786,-18.023624,579
26.581607,-18.02377,626
26.581463,-18.023869,626
26.581246,-18.024013,644
26.581135,-18.024065,644
26.580948,-18.024128,644
26.580799,-18.024186,644
26.580568,-18.024213,644
26.580335,-18.024238,642
26.580142,-18.02426,642
26.579908,-18.024284,642
26.579741,-18.024224,642
26.579725,-18.024112,642
26.579699,-18.023925,642
26.579678,-18.023775,631
26.579688,-18.02358,623
26.579788,-18.023452,623
26.579961,-18.023277,623
26.580067,-18.023187,623
26.580255,-18.023123,623
26.580399,-18.023023,623
26.580587,-18.022956,611
26.580692,-18.02286,558
26.580842,-18.022797,558
26.581032,-18.022727,558
26.581177,-18.022622,558
26.581363,-18.02251,535
26.58151,-18.022405,535
26.581664,-18.022343,535
26.581814,-18.022242,535
26.581964,-18.022141,535
26.58215,-18.021995,504
26.582302,-18.021898,504
26.582454,-18.0218,504
26.582606,-18.021701,504
26.582791,-18.021525,504
26.582867,-18.021479,504
26.583051,-18.021307,507
26.58324,-18.021174,517
26.583357,-18.021126,517
26.583589,-18.02103,517
26.583737,-18.020904,517
26.583893,-18.020855,544
26.584081,-18.020726,544
26.584272,-18.020636,544
26.584308,-18.020594,544
26.584721,-18.020335,553
26.584829,-18.020205,553
26.584899,-18.020076,553
26.584885,-18.019912,553
26.584951,-18.01974,553
26.584972,-18.019535,536
26.585073,-18.019327,536
26.585057,-18.01917,536
26.584775,-18.019195,536
26.584533,-18.019214,527
26.58429,-18.019233,527
26.584048,-18.019252,527
26.583926,-18.019261,527
26.583651,-18.019364,521
26.583538,-18.019452,521
26.583348,-18.019587,516
26.583163,-18.019761,516
26.583013,-18.019892,516
26.582905,-18.02002,507
26.582719,-18.020194,507
26.582652,-18.020319,507
26.582512,-18.020531,506
26.582435,-18.020578,506
26.582255,-18.020794,506
26.58207,-18.020972,507
26.581958,-18.021064,507
26.58181,-18.021201,507
26.581694,-18.021254,507
26.581501,-18.021355,507
26.581354,-18.021491,507
26.581123,-18.021601,520
26.580932,-18.021705,520
26.580779,-18.021768,520
26.580598,-18.021921,520
26.580412,-18.022032,534
26.580306,-18.02213,579
26.580037,-18.022209,579
26.579923,-18.022263,579
26.57969,-18.022328,579
26.57949,-18.022348,568
26.57929,-18.022368,568
26.57917,-18.022379,568
26.578928,-18.022401,568
26.578713,-18.022339,548
26.578541,-18.022277,548
26.578516,-18.022119,548
26.578532,-18.021957,543
26.578674,-18.021821,543
26.578782,-18.021727,543
26.578964,-18.021585,532
26.579153,-18.021483,532
26.579308,-18.021424,532
26.579501,-18.021359,532
26.579655,-18.021298,532
26.57981,-18.021237,534
26.580081,-18.021124,510
26.580392,-18.021004,510
26.580624,-18.020898,510
26.580781,-18.02084,510
26.580974,-18.020738,510
26.581091,-18.020685,510
26.581284,-18.020585,510
26.581558,-18.020472,507
26.581747,-18.020331,505
26.581901,-18.020235,505
26.58209,-18.020096,505
26.582203,-18.020005,507
26.582353,-18.019872,507
26.582502,-18.01974,507
26.582697,-18.019644,507
26.582892,-18.019548,514
26.583046,-18.019456,521
26.583082,-18.019413,521
26.583317,-18.019314,521
26.583435,-18.019264,521
26.583702,-18.019083,521
26.583896,-18.018988,527
26.584009,-18.018902,527
26.584238,-18.018771,527
26.584381,-18.018614,554
26.584479,-18.018421,554
26.584345,-18.018316,554
26.584184,-18.018323,554
26.583981,-18.01834,554
26.583738,-18.018362,549
26.583494,-18.018385,549
26.5833,-18.018476,507
26.58311,-18.018605,549
26.582956,-18.018694,514
26.582766,-18.018823,514
26.582611,-18.01891,514
26.582498,-18.018996,514
26.582339,-18.019049,514
26.582148,-18.019183,507
26.581912,-18.019282,507
26.58168,-18.019422,507
26.581521,-18.019477,507
26.581326,-18.019574,502
26.581095,-18.01972,506
26.580937,-18.019778,506
26.580707,-18.019924,506
26.580477,-18.020069,506
26.580238,-18.020136,506
26.580045,-18.020237,506
26.579848,-18.020304,506
26.579653,-18.020371,520
26.579503,-18.020473,528
26.579309,-18.020541,528
26.579156,-18.020606,528
26.578964,-18.020676,528
26.578817,-18.02078,562
26.578665,-18.020843,562
26.578514,-18.020908,562
26.578333,-18.021021,562
26.578109,-18.021133,562
26.57792,-18.021202,592
26.57777,-18.021264,576
26.577587,-18.021369,576
26.577361,-18.021443,576
26.577136,-18.021517,608
26.576912,-18.02159,608
26.57676,-18.021614,608
26.576493,-18.021655,608
26.576264,-18.021689,608
26.576031,-18.021685,630
26.576006,-18.021499,630
26.576097,-18.021296,630
26.576241,-18.021201,635
26.576497,-18.021052,624
26.576608,-18.020998,624
26.576789,-18.020925,624
26.576971,-18.020852,624
26.577154,-18.020778,624
26.577375,-18.020698,592
26.577522,-18.02063,592
26.577675,-18.020603,592
26.577899,-18.020521,592
26.578131,-18.02048,562
26.578281,-18.020415,562
26.578511,-18.020338,532
26.578703,-18.020267,532
26.579016,-18.02018,520
26.579284,-18.020059,520
26.579434,-18.019956,520
26.579625,-18.01985,520
26.579817,-18.019744,506
26.580193,-18.019457,507
26.580618,-18.01921,502
26.580777,-18.019152,502
26.580931,-18.019057,502
26.581082,-18.018925,502
26.581237,-18.018836,502
26.581393,-18.018746,507
26.581626,-18.018614,532
26.581822,-18.018524,532
26.582018,-18.018433,532
26.582209,-18.018305,545
26.5824,-18.018183,545
26.582513,-18.018103,545
26.582663,-18.017986,545
26.582727,-18.01784,594
26.58279,-18.017694,594
26.582768,-18.017517,594
26.582669,-18.017381,594
26.582426,-18.017397,594
26.582264,-18.017409,594
26.582061,-18.017425,580
26.58182,-18.017475,580
26.581706,-18.017553,580
26.581474,-18.017675,580
26.581433,-18.017677,580
26.581199,-18.017802,572
26.581039,-18.017849,572
26.580924,-18.017929,522
26.580685,-18.018018,522
26.580495,-18.018178,518
26.580302,-18.018305,518
26.58011,-18.018439,518
26.579955,-18.018534,518
26.579805,-18.018668,518
26.579615,-18.018807,512
26.57942,-18.018908,512
26.579261,-18.018965,512
26.579109,-18.019066,512
26.57887,-18.019135,512
26.578678,-18.019239,520
26.578488,-18.019347,520
26.578298,-18.019455,520
26.578103,-18.019522,520
26.577954,-18.019624,551
26.57777,-18.019738,551
26.577587,-18.019853,551
26.577437,-18.019919,551
26.577172,-18.020006,575
26.576996,-18.020126,575
26.576843,-18.020154,575
26.57666,-18.020229,575
26.576468,-18.020261,575
26.576315,-18.020286,575
26.5762,-18.020305,596
26.57597,-18.020341,596
26.575776,-18.020369,596
26.575621,-18.020391,596
26.57539,-18.020425,637
26.575346,-18.020218,614
26.575383,-18.020033,614
26.575478,-18.019928,596
26.575574,-18.019823,596
26.575709,-18.019711,596
26.575815,-18.019649,596
26.576029,-18.019523,533
26.576203,-18.019402,533
26.576399,-18.01937,523
26.576552,-18.019306,523
26.576703,-18.019241,523
26.576846,-18.019132,523
26.576998,-18.019066,523
26.577142,-18.018956,523
26.577332,-18.018848,518
26.577483,-18.018747,518
26.577682,-18.018683,500
26.577792,-18.018587,500
26.577991,-18.018523,500
26.578157,-18.018509,505
26.578353,-18.018407,505
26.578512,-18.018351,505
26.578667,-18.018255,505
26.578829,-18.018204,505
26.578991,-18.018154,518
26.57919,-18.018063,518
26.57931,-18.018016,518
26.579476,-18.018004,518
26.579717,-18.017912,518
26.579959,-18.017852,555
26.580199,-18.017761,555
26.580319,-18.017718,555
26.580476,-18.017635,555
26.580712,-18.017515,572
26.580906,-18.017398,572
26.581058,-18.017284,572
26.581161,-18.017105,572
26.581267,-18.01696,631
26.581246,-18.016783,631
26.581112,-18.016683,631
26.580949,-18.016694,631
26.580705,-18.016714,631
26.580501,-18.016725,617
26.580296,-18.016736,617
26.580173,-18.016744,617
26.579886,-18.016762,617
26.579604,-18.016847,600
26.579563,-18.016849,600
26.57928,-18.016933,600
26.579037,-18.017016,600
26.578877,-18.017094,541
26.578637,-18.017212,527
26.578353,-18.017333,527
26.57815,-18.017417,527
26.577909,-18.017541,517
26.577751,-18.01763,517
26.577474,-18.017773,517
26.577276,-18.017871,500
26.577124,-18.017972,520
26.576902,-18.018163,520
26.57675,-18.018263,520
26.576602,-18.018368,520
26.57641,-18.018473,520
26.5763,-18.018568,520
26.57614,-18.018623,505
26.575946,-18.018725,533
26.57576,-18.018837,533
26.575648,-18.018896,533
26.575509,-18.019008,533
26.575313,-18.019039,549
26.575128,-18.019117,549
26.574956,-18.019239,549
26.574774,-18.019316,549
26.574659,-18.019336,549
26.574488,-18.019455,567
26.574253,-18.019488,567
26.574057,-18.019516,567
26.573902,-18.019539,567
26.57366,-18.019565,571
26.573404,-18.019544,571
26.573169,-18.019436,571
26.573039,-18.019266,571
26.572993,-18.019091,524
26.572992,-18.018914,571
26.573173,-18.018769,571
26.573353,-18.018656,536
26.573462,-18.018597,536
26.573652,-18.018527,536
26.573793,-18.018418,524
26.574032,-18.018384,524
26.574101,-18.018328,524
26.57437,-18.018243,524
26.574605,-18.018169,524
26.5748,-18.018101,510
26.574961,-18.018079,510
26.575077,-18.018023,510
26.575229,-18.017923,510
26.575428,-18.017859,514
26.575546,-18.017805,509
26.575745,-18.017741,509
26.57594,-18.017638,509
26.576059,-18.017585,509
26.576263,-18.017528,511
26.576505,-18.017429,511
26.57675,-18.017368,511
26.576954,-18.017311,511
26.577158,-18.017224,511
26.577448,-18.017137,517
26.577656,-18.01709,517
26.577901,-18.017004,561
26.578107,-18.016956,584
26.578275,-18.016948,584
26.578439,-18.016905,584
26.578642,-18.016825,584
26.578802,-18.016747,584
26.579006,-18.016702,600
26.579083,-18.016629,600
26.578807,-18.016364,584
26.57869,-18.016048,639
26.578554,-18.015944,639
26.57838,-18.015879,639
26.578255,-18.015884,639
26.578088,-18.015892,639
26.577879,-18.0159,618
26.57771,-18.015903,618
26.577375,-18.015948,618
26.57717,-18.016025,581
26.577002,-18.016063,581
26.57679,-18.016102,581
26.576625,-18.016177,581
26.576461,-18.016256,539
26.576293,-18.016298,539
26.576085,-18.016379,522
26.575836,-18.016467,522
26.57571,-18.016477,522
26.575506,-18.016567,522
26.575215,-18.01666,511
26.575137,-18.016708,511
26.574896,-18.01681,511
26.57465,-18.016873,511
26.574462,-18.017019,508
26.574186,-18.017133,517
26.573986,-18.017197,517
26.573793,-18.017303,517
26.573635,-18.017362,515
26.573525,-18.017458,515
26.57345,-18.017509,515
26.573235,-18.017705,515
26.572978,-18.017904,536
26.572827,-18.018004,526
26.572636,-18.018107,526
26.572512,-18.01812,526
26.572408,-18.01822,526
26.572187,-18.018338,526
26.572044,-18.018443,541
26.571815,-18.018519,541
26.571666,-18.018583,541
26.571471,-18.018613,541
26.571202,-18.018657,564
26.570931,-18.0187,562
26.570698,-18.018735,562
26.570489,-18.018684,573
26.570229,-18.018595,573
26.569916,-18.018467,573
26.569671,-18.018285,561
26.569535,-18.018116,561
26.569468,-18.017892,561
26.569392,-18.017626,530
26.56941,-18.017357,530
26.56946,-18.017218,530
26.569561,-18.017116,530
26.569869,-18.016991,512
26.570013,-18.016885,512
26.570172,-18.016827,512
26.570374,-18.016764,512
26.570616,-18.016696,511
26.570857,-18.016627,511
26.571133,-18.016513,511
26.571216,-18.016503,511
26.571374,-18.016443,507
26.571656,-18.016368,507
26.571691,-18.016323,507
26.571898,-18.0163,507
26.572107,-18.016278,507
26.572315,-18.016256,510
26.572689,-18.016214,519
26.572889,-18.016148,519
26.573136,-18.016118,507
26.573501,-18.016032,507
26.57366,-18.015971,507
26.573868,-18.015948,508
26.574117,-18.015886,508
26.574363,-18.015822,508
26.57452,-18.015724,508
26.574644,-18.015677,523
26.574933,-18.015547,523
26.57514,-18.015459,523
26.575312,-18.01542,523
26.575524,-18.015344,575
26.575696,-18.015306,575
26.575906,-18.01523,575
26.576205,-18.015188,575
26.576412,-18.015108,600
26.576585,-18.015108,600
26.57692,-18.015027,600
26.577205,-18.014908,600
26.577628,-18.014898,628
26.57788,-18.014889,628
26.578036,-18.014801,628
26.5781,-18.014668,646
26.578076,-18.0145,635
26.577844,-18.014341,626
26.577712,-18.014305,626
26.577503,-18.014316,626
26.57725,-18.014326,626
26.576821,-18.014329,601
26.576563,-18.014331,601
26.576345,-18.014329,601
26.576123,-18.01432,563
26.575764,-18.014303,563
26.575538,-18.014292,563
26.575221,-18.014278,523
26.574919,-18.014325,523
26.57475,-18.014372,523
26.574531,-18.014378,511
26.57423,-18.014399,511
26.574017,-18.014417,511
26.573722,-18.014447,512
26.573513,-18.014472,512
26.573395,-18.014529,512
26.573126,-18.014693,507
26.5729,-18.01482,530
26.572752,-18.014929,530
26.572521,-18.015014,530
26.572358,-18.015037,530
26.572236,-18.015055,530
26.572081,-18.01512,550
26.571887,-18.015193,550
26.571563,-18.015273,550
26.571397,-18.015292,550
26.571234,-18.015313,558
26.570943,-18.015345,558
26.570591,-18.015192,558
26.570454,-18.015057,555
26.570439,-18.014872,555
26.570424,-18.01472,555
26.570539,-18.01463,558
26.570655,-18.014539,582
26.570932,-18.014391,582
26.571214,-18.014317,582
26.571369,-18.014252,567
26.571565,-18.014182,567
26.571799,-18.014102,567
26.572024,-18.01401,567
26.572133,-18.013943,567
26.572397,-18.01384,540
26.572592,-18.013797,540
26.572748,-18.013762,540
26.572943,-18.013719,540
26.573261,-18.013655,509
26.573344,-18.013644,509
26.57376,-18.013589,509
26.574097,-18.013552,508
26.574345,-18.013485,508
26.574472,-18.013472,508
26.574681,-18.013414,514
26.57484,-18.013317,514
26.575137,-18.013258,514
26.575304,-18.013205,514
26.575553,-18.013111,541
26.575841,-18.012977,541
26.576038,-18.012839,527
26.576367,-18.012702,545
26.576492,-18.012656,545
26.576774,-18.01254,545
26.576235,-18.011673,517
26.575053,-18.011262,514
26.574512,-18.011536,508
26.574197,-18.011785,508
26.573634,-18.011846,511
26.573307,-18.011989,511
26.572765,-18.012261,534
26.572208,-18.012523,538
26.571758,-18.012669,570
26.571216,-18.012937,583
26.570663,-18.0131,583
26.570101,-18.01316,585
26.569654,-18.013209,579
26.569095,-18.013273,579
26.568647,-18.013324,563
26.568075,-18.013282,563
26.567903,-18.012766,538
26.567854,-18.012342,538
26.568043,-18.011999,550
26.568467,-18.011736,550
26.568892,-18.011474,572
26.569444,-18.011309,572
26.569886,-18.011156,537
26.570329,-18.011004,537
26.570886,-18.01084,522
26.571558,-18.010664,512
26.572228,-18.010487,506
26.57268,-18.010438,506
26.573234,-18.010271,511
26.573895,-18.010091,531
26.574328,-18.009934,531
26.574982,-18.009752,548
26.575537,-18.00969,555
26.576089,-18.009628,555
26.576638,-18.009461,586
26.576977,-18.009425,586
26.577416,-18.009271,582
26.577986,-18.009211,582
26.578525,-18.008938,566
26.578857,-18.008796,566
26.579291,-18.008535,559
26.579351,-18.008096,559
26.579107,-18.008013,559
26.578632,-18.007954,591
26.578269,-18.007883,591
26.577459,-18.00786,614
26.576674,-18.007944,608
26.576225,-18.007992,599
26.575442,-18.008076,599
26.574773,-18.008148,593
26.574331,-18.008197,581
26.57378,-18.008258,547
26.573229,-18.008319,547
26.572676,-18.008381,512
26.572228,-18.00843,512
26.571664,-18.008491,505
26.571097,-18.008551,506
26.570641,-18.008599,506
26.569957,-18.00867,513
26.569389,-18.00873,512
26.568595,-18.008814,514
26.568118,-18.008648,534
26.567527,-18.008494,534
26.567137,-18.008102,526
26.567087,-18.007673,537
26.567024,-18.007138,537
26.567363,-18.007102,548
26.568042,-18.007029,544
26.568495,-18.006981,544
26.568949,-18.006933,542
26.569519,-18.006872,542
26.569976,-18.006823,524
26.570445,-18.006882,524
26.570902,-18.006834,509
26.571609,-18.006976,505
26.57195,-18.00694,505
26.572527,-18.006987,506
26.572976,-18.006939,524
26.573428,-18.006999,524
26.573978,-18.006939,570
26.574637,-18.006868,594
26.575303,-18.006797,594
26.575974,-18.006725,602
26.576411,-18.006571,606
26.576603,-18.006226,606
26.57656,-18.005799,607
26.576203,-18.005621,593
26.575744,-18.005561,593
26.575401,-18.005489,575
26.574726,-18.005451,575
26.57415,-18.005294,531
26.573709,-18.005339,516
26.573254,-18.005277,516
26.572678,-18.005229,507
26.572211,-18.005169,507
26.571619,-18.005014,509
26.570924,-18.004979,507
26.570569,-18.004908,507
26.569974,-18.004754,513
26.569276,-18.004722,525
26.568677,-18.004572,572
26.568096,-18.004526,572
26.567716,-18.004243,589
26.568002,-18.003782,589
26.568444,-18.003624,600
26.569015,-18.00356,565
26.569358,-18.00352,565
26.569932,-18.003455,528
26.570623,-18.003376,507
26.571197,-18.003312,507
26.571767,-18.003251,505
26.572223,-18.003202,508
26.572791,-18.003142,508
26.573256,-18.003203,510
26.57372,-18.003264,510
26.574172,-18.003217,521
26.574749,-18.003266,533
26.575094,-18.00334,533
26.575763,-18.003273,552
26.576208,-18.003227,552
26.576762,-18.003171,572
26.577187,-18.00291,572
26.577491,-18.002551,583
26.577678,-18.002094,583
26.57763,-18.001551,558
26.577158,-18.001381,544
26.576697,-18.001319,544
26.576013,-18.001393,543
26.575316,-18.00136,549
26.574748,-18.001421,549
26.574294,-18.001469,560
26.573841,-18.001516,560
26.573279,-18.001573,546
26.572723,-18.001625,518
26.572263,-18.001559,518
26.571806,-18.001609,510
26.571241,-18.001666,519
26.570549,-18.001747,519
26.570188,-18.001684,562
26.569492,-18.001772,613
26.568918,-18.001843,613
26.568451,-18.001787,626
26.567985,-18.00173,628
26.567634,-18.001659,628
26.567257,-18.001374,628
26.566868,-18.000982,636
26.566818,-18.000553,636
26.56712,-18.000194,642
26.56756,-18.000038,640
26.568126,-17.999976,636
26.568698,-17.999904,636
26.569155,-17.999849,607
26.569732,-17.999773,549
26.569964,-17.999742,549
26.57057,-17.999882,515
26.571261,-17.999799,515
26.571834,-17.999858,529
26.572414,-17.999907,543
26.572863,-17.999984,543
26.573425,-18.000047,601
26.574092,-17.999985,630
26.574544,-17.999937,630
26.574994,-17.999892,630
26.575667,-17.999823,624
26.576234,-17.999762,624
26.576917,-17.999687,618
26.577488,-17.999624,603
26.577798,-17.999261,632
26.577538,-17.998961,632
26.577058,-17.998795,637
26.576578,-17.99863,606
26.576125,-17.998678,599
26.575663,-17.998616,599
26.575208,-17.998666,611
26.574162,-17.998561,618
26.573148,-17.998543,610
26.572351,-17.998385,560
26.571667,-17.998335,515
26.571218,-17.998374,520
26.570757,-17.998427,520
26.57018,-17.998499,531
26.569489,-17.998585,579
26.569018,-17.998532,579
26.568558,-17.998592,609
26.568099,-17.998652,609
26.567744,-17.998587,631
26.567161,-17.998553,643
26.56657,-17.998398,643
26.565979,-17.998242,638
26.565715,-17.997939,638
26.565678,-17.997607,617
26.565856,-17.997136,617
26.56639,-17.996733,566
26.56672,-17.99658,566
26.567407,-17.996496,549
26.567865,-17.99644,549
26.568542,-17.996244,539
26.569233,-17.996159,526
26.569694,-17.996101,508
26.570269,-17.996036,508
26.570955,-17.995964,506
26.571631,-17.99591,527
26.572083,-17.995869,527
26.572746,-17.995829,569
26.573192,-17.995793,589
26.573644,-17.99575,589
26.574431,-17.995676,594
26.575216,-17.995603,684
26.575551,-17.995573,621
26.575997,-17.995533,621
26.576553,-17.995484,641
26.577193,-17.995092,665
26.57762,-17.99483,659
26.57826,-17.994437,672
26.578548,-17.993973,672
26.578474,-17.993329,679
26.578438,-17.993006,679
26.577959,-17.99284,684
26.577254,-17.992698,684
26.576775,-17.992532,687
26.576321,-17.992582,687
26.575731,-17.992426,689
26.575392,-17.992461,688
26.574828,-17.992518,688
26.574037,-17.992599,686
26.573586,-17.992645,680
26.573023,-17.992698,680
26.572467,-17.992737,661
26.571921,-17.992752,612
26.571365,-17.992785,612
26.571042,-17.992912,544
26.570283,-17.993176,514
26.569956,-17.993309,514
26.569425,-17.993684,505
26.568744,-17.993884,537
26.568188,-17.994194,537
26.567853,-17.994358,585
26.567404,-17.994538,585
26.566843,-17.994729,615
26.566287,-17.994901,615
26.565744,-17.995173,629
26.565175,-17.995238,637
26.564619,-17.995404,587
26.564164,-17.995453,599
26.563595,-17.995513,605
26.56314,-17.995561,605
26.562774,-17.995388,631
26.562725,-17.994964,631
26.562662,-17.994431,649
26.562978,-17.99418,651
26.563521,-17.993906,651
26.563849,-17.993763,660
26.564391,-17.993487,661
26.564845,-17.993445,663
26.565287,-17.99328,663
26.56596,-17.99306,646
26.566406,-17.992874,605
26.566866,-17.992802,562
26.567317,-17.992613,525
26.568012,-17.992503,525
26.568459,-17.992346,507
26.56903,-17.992296,512
26.569472,-17.992151,512
26.569896,-17.991912,576
26.570445,-17.991773,576
26.570977,-17.99153,617
26.571618,-17.991282,653
26.572053,-17.991142,670
26.572598,-17.990862,666
26.573254,-17.990443,667
26.573108,-17.989987,632
26.57265,-17.990039,638
26.572077,-17.990105,654
26.571605,-17.990054,654
26.571145,-17.990115,665
26.570674,-17.990064,665
26.570105,-17.990125,667
26.569654,-17.990158,640
26.569094,-17.990181,640
26.568757,-17.990195,596
26.568079,-17.990229,596
26.56721,-17.990595,506
26.566893,-17.990834,506
26.566469,-17.99123,523
26.566148,-17.991503,554
26.565711,-17.991813,554
26.565163,-17.992139,640
26.564618,-17.992447,640
26.564163,-17.9925,652
26.563594,-17.992565,648
26.563151,-17.99272,648
26.562777,-17.991498,612
26.562859,-17.990223,587
26.563417,-17.990018,545
26.563965,-17.989718,522
26.564527,-17.989527,507
26.565218,-17.989442,506
26.565538,-17.989191,512
26.565871,-17.98905,512
26.566418,-17.988804,554
26.56662,-17.988578,575
26.567269,-17.988199,594
26.567694,-17.987792,544
26.568028,-17.987635,544
26.56857,-17.987218,542
26.569006,-17.986945,535
26.56907,-17.986496,535
26.569015,-17.98608,571
26.568643,-17.985907,563
26.568026,-17.985662,563
26.567423,-17.985523,563
26.566808,-17.985285,627
26.566081,-17.985053,628
26.565583,-17.9848,628
26.564858,-17.984572,688
26.56426,-17.984424,683
26.563689,-17.984481,689
26.563231,-17.984526,689
26.563038,-17.984846,636
26.562754,-17.985373,633
26.562675,-17.985681,573
26.56262,-17.98619,573
26.56254,-17.986502,522
26.562603,-17.987033,522
26.562424,-17.987506,509
26.562247,-17.987981,519
26.562042,-17.988226,533
26.56187,-17.98873,581
26.561585,-17.989256,581
26.561174,-17.989677,639
26.560905,-17.990302,639
26.5606,-17.990662,647
26.560411,-17.991011,645
26.560007,-17.991495,657
26.559616,-17.992089,658
26.558973,-17.992492,658
26.558404,-17.992555,658
26.55815,-17.992362,658
26.558097,-17.991926,649
26.558018,-17.991271,644
26.558179,-17.990698,641
26.558478,-17.990325,622
26.558745,-17.98971,622
26.558911,-17.989215,592
26.559077,-17.988718,592
26.559229,-17.988099,541
26.559513,-17.987587,515
26.559677,-17.987007,514
26.559857,-17.986547,519
26.560043,-17.986113,555
26.560113,-17.985697,555
26.560173,-17.985181,607
26.560348,-17.984662,607
26.560408,-17.984154,652
26.560579,-17.983624,707
26.560747,-17.983081,707
26.560911,-17.98251,713
26.560843,-17.981937,701
26.560472,-17.981745,703
26.559901,-17.981811,703
26.559458,-17.981976,691
26.559039,-17.982347,701
26.558731,-17.982698,679
26.558435,-17.98315,673
26.558266,-17.983702,657
26.558094,-17.984248,657
26.558013,-17.984567,644
26.557958,-17.985177,601
26.557894,-17.98569,541
26.55782,-17.986107,541
26.557768,-17.986664,513
26.557489,-17.987257,510
26.557313,-17.987725,510
26.557157,-17.988321,540
26.556993,-17.988819,577
26.556927,-17.989183,577
26.55644,-17.989837,607
26.556159,-17.99033,618
26.555746,-17.990715,629
26.555334,-17.991099,627
26.554796,-17.991387,632
26.554229,-17.991453,637
26.553976,-17.991262,637
26.553909,-17.990716,639
26.553807,-17.989941,634
26.553857,-17.989474,611
26.55411,-17.988849,611
26.554244,-17.988224,575
26.55451,-17.987698,525
26.554678,-17.987214,521
26.554751,-17.986867,510
26.554784,-17.986187,521
26.55483,-17.985535,521
26.554888,-17.984993,552
26.554839,-17.984484,586
26.554901,-17.983951,586
26.554849,-17.983436,619
26.5549,-17.982804,655
26.554864,-17.982484,655
26.554796,-17.981931,669
26.554724,-17.981367,669
26.554641,-17.980772,646
26.554537,-17.980044,579
26.553911,-17.979828,579
26.553297,-17.979567,583
26.552819,-17.979501,584
26.552254,-17.979673,582
26.552091,-17.980254,531
26.552077,-17.980972,575
26.55207,-17.981704,626
26.551935,-17.982334,662
26.552026,-17.983016,658
26.552062,-17.983336,658
26.551872,-17.983773,634
26.551808,-17.984306,634
26.551857,-17.984823,584
26.551658,-17.985248,584
26.551573,-17.985661,531
26.551607,-17.986071,531
26.551549,-17.98662,510
26.5514,-17.987218,528
26.551346,-17.987593,528
26.551231,-17.988237,588
26.551116,-17.988874,650
26.551043,-17.989124,650
26.550811,-17.989853,670
26.550564,-17.990561,679
26.550294,-17.991144,676
26.549992,-17.991506,661
26.549311,-17.99158,679
26.548969,-17.991615,679
26.548399,-17.991675,686
26.548014,-17.991382,682
26.547842,-17.990956,666
26.547767,-17.990406,666
26.547695,-17.989952,646
26.547579,-17.989356,602
26.547557,-17.988628,554
26.547816,-17.988117,554
26.548076,-17.987605,522
26.548263,-17.98734,522
26.5484,-17.986731,509
26.548577,-17.986265,509
26.54863,-17.985708,513
26.548832,-17.985368,542
26.549027,-17.984837,561
26.549112,-17.984418,602
26.549277,-17.983758,602
26.549416,-17.983057,596
26.549311,-17.982355,557
26.549214,-17.981666,566
26.549139,-17.980839,598
26.549091,-17.980321,626
26.549017,-17.979672,626
26.548953,-17.979126,637
26.548887,-17.978493,660
26.548604,-17.978079,665
26.548026,-17.978135,659
26.547597,-17.9785,659
26.547065,-17.978986,638
26.546789,-17.979667,628
26.546605,-17.980121,628
26.546662,-17.980566,627
26.546615,-17.98113,627
26.546566,-17.981692,616
26.546517,-17.982343,571
26.546529,-17.982544,571
26.546495,-17.983494,536
26.546575,-17.984061,561
26.546512,-17.98442,561
26.546469,-17.985083,563
26.546412,-17.985634,525
26.54633,-17.985969,525
26.546372,-17.986395,511
26.546226,-17.98699,511
26.546199,-17.98748,539
26.546194,-17.988086,591
26.546057,-17.988588,591
26.546031,-17.989072,629
26.545894,-17.989666,644
26.545656,-17.99028,644
26.545502,-17.990853,654
26.545214,-17.991324,655
26.544942,-17.991905,655
26.544656,-17.992377,657
26.54427,-17.992969,643
26.543837,-17.993231,643
26.543389,-17.993384,637
26.543226,-17.993065,637
26.543164,-17.992625,636
26.54307,-17.991965,632
26.542993,-17.991415,632
26.542906,-17.990758,627
26.542855,-17.990325,636
26.54278,-17.989775,636
26.542683,-17.989206,628
26.542564,-17.988618,594
26.542708,-17.988128,594
26.54266,-17.987384,540
26.542896,-17.986757,514
26.54296,-17.986307,514
26.543265,-17.985841,527
26.543574,-17.985382,579
26.543777,-17.984945,579
26.544096,-17.984592,559
26.544355,-17.983889,576
26.544753,-17.983295,579
26.545035,-17.982711,603
26.545302,-17.982016,593
26.545454,-17.981334,604
26.545517,-17.980884,602
26.545452,-17.980336,612
26.545405,-17.979905,604
26.544776,-17.979529,627
26.544299,-17.979464,624
26.543704,-17.979411,622
26.543129,-17.979474,622
26.542669,-17.979525,619
26.542237,-17.979798,619
26.541951,-17.980283,639
26.541699,-17.980995,638
26.541537,-17.981475,631
26.541359,-17.981842,631
26.541085,-17.982336,646
26.540846,-17.983056,657
26.540781,-17.983406,657
26.54075,-17.984078,652
26.540677,-17.984805,603
26.540574,-17.985411,542
26.540584,-17.985909,542
26.540395,-17.986462,513
26.540438,-17.986794,513
26.540263,-17.987664,533
26.54015,-17.988276,575
26.540126,-17.988754,602
26.539991,-17.989246,602
26.53987,-17.989844,613
26.539693,-17.990203,613
26.539452,-17.990906,638
26.53929,-17.991373,644
26.539046,-17.992071,630
26.538898,-17.992746,630
26.538722,-17.993203,620
26.538533,-17.993552,620
26.538358,-17.994009,623
26.538088,-17.994589,611
26.537911,-17.994943,635
26.537501,-17.995216,635
26.537088,-17.995488,639
26.536655,-17.995648,639
26.536091,-17.995711,646
26.535705,-17.995217,664
26.535681,-17.995002,664
26.53553,-17.994118,645
26.535418,-17.993454,652
26.535263,-17.992666,616
26.535597,-17.992147,594
26.53573,-17.991663,568
26.536038,-17.991201,573
26.536101,-17.990755,573
26.536302,-17.99041,601
26.536618,-17.989854,626
26.536902,-17.989378,636
26.53723,-17.988643,591
26.53755,-17.987997,591
26.537777,-17.987475,539
26.537891,-17.986963,507
26.538167,-17.986573,510
26.538237,-17.986126,521
26.538568,-17.985681,521
26.539022,-17.985035,589
26.539241,-17.984512,635
26.539562,-17.984066,635
26.539852,-17.983494,648
26.540121,-17.982901,648
26.540165,-17.982434,648
26.540093,-17.981977,649
26.539703,-17.981681,649
26.539132,-17.981747,648
26.538674,-17.981798,648
26.538231,-17.98196,648
26.537797,-17.982422,620
26.537451,-17.98275,620
26.537238,-17.983084,594
26.536978,-17.983883,566
26.536895,-17.984218,566
26.536698,-17.984765,539
26.536488,-17.985303,539
26.536196,-17.985881,511
26.536122,-17.986225,510
26.535869,-17.986831,510
26.535745,-17.987333,541
26.535625,-17.987835,541
26.535399,-17.988353,589
26.535103,-17.988722,598
26.534687,-17.989202,598
26.53436,-17.989553,560
26.533937,-17.990029,542
26.533522,-17.990307,552
26.533063,-17.990736,588
26.532654,-17.990811,618
26.532094,-17.990674,649
26.532015,-17.990328,610
26.531906,-17.989863,610
26.531737,-17.98916,575
26.531658,-17.988325,529
26.531872,-17.987598,521
26.532126,-17.986996,598
26.532282,-17.986417,513
26.53272,-17.985846,527
26.533058,-17.985301,581
26.533368,-17.984837,581
26.533824,-17.984187,550
26.534151,-17.983535,528
26.534463,-17.983171,528
26.534903,-17.982608,565
26.535199,-17.981838,598
26.535407,-17.981402,598
26.535491,-17.981068,616
26.535523,-17.980492,616
26.53533,-17.980042,614
26.534622,-17.980102,614
26.533951,-17.980392,612
26.533399,-17.980871,588
26.532942,-17.981222,530
26.532709,-17.981344,530
26.532276,-17.982015,530
26.532183,-17.982146,537
26.532208,-17.982765,537
26.532155,-17.983423,596
26.532044,-17.984033,620
26.531736,-17.984697,572
26.531627,-17.985115,572
26.531289,-17.985662,534
26.531074,-17.986102,534
26.530687,-17.986808,511
26.530412,-17.987296,510
26.530365,-17.987756,510
26.530226,-17.988242,527
26.530324,-17.988603,527
26.530161,-17.98935,575
26.530059,-17.989849,620
26.52984,-17.990356,620
26.52949,-17.990865,615
26.529179,-17.991428,625
26.528907,-17.991804,625
26.528555,-17.992308,656
26.527949,-17.992721,645
26.527378,-17.992781,645
26.527145,-17.992231,655
26.52705,-17.99178,639
26.526907,-17.991102,615
26.526767,-17.990527,615
26.526816,-17.989905,577
26.526917,-17.989407,525
26.527184,-17.989023,525
26.527282,-17.988417,512
26.527469,-17.987959,512
26.527761,-17.987277,529
26.527962,-17.986929,565
26.528273,-17.986464,555
26.528336,-17.986116,562
26.528602,-17.985624,562
26.528854,-17.98502,545
26.529056,-17.984572,573
26.529159,-17.984248,573
26.529381,-17.983914,573
26.529706,-17.98326,618
26.529773,-17.98252,578
26.529803,-17.982044,578
26.529965,-17.981568,568
26.530129,-17.980994,598
26.530085,-17.980561,598
26.529944,-17.980255,613
26.529289,-17.980359,630
26.528628,-17.980457,633
26.528077,-17.980538,633
26.527658,-17.980818,642
26.52728,-17.981325,629
26.526976,-17.981993,637
26.526762,-17.982431,592
26.526667,-17.983063,568
26.52652,-17.983647,568
26.526206,-17.984293,618
26.525912,-17.985354,627
26.525713,-17.985804,599
26.525616,-17.986132,599
26.525282,-17.986686,568
26.524979,-17.987156,548
26.524897,-17.9877,548
26.524582,-17.988268,520
26.524533,-17.988828,513
26.524574,-17.989533,513
26.524446,-17.990285,562
26.524568,-17.991119,605
26.524563,-17.991692,618
26.524999,-17.992001,634
26.525704,-17.991937,646
26.524858,-17.994329,644
26.524277,-17.99436,634
26.52355,-17.994399,619
26.523012,-17.992281,630
26.522583,-17.99036,540
26.522671,-17.989531,515
26.522705,-17.988916,515
26.522657,-17.98842,536
26.522594,-17.987806,600
26.522549,-17.987021,610
26.522549,-17.986163,591
26.52257,-17.985844,591
26.522406,-17.984883,602
26.522078,-17.984398,661
26.521907,-17.98373,661
26.521831,-17.982461,627
26.521674,-17.981615,623
26.521378,-17.980615,652
26.521307,-17.979601,635
26.521105,-17.97856,560
26.521101,-17.977658,580
26.520783,-17.977122,580
26.52048,-17.976554,577
26.520059,-17.977014,577
26.519737,-17.978168,576
26.519699,-17.97885,605
26.519612,-17.980073,658
26.519611,-17.980828,654
26.519609,-17.981429,640
26.519605,-17.98233,654
26.519552,-17.983166,689
26.519599,-17.984497,722
26.519617,-17.98534,726
26.519797,-17.986133,710
26.519841,-17.986781,667
26.519881,-17.98729,628
26.519944,-17.987906,587
26.520045,-17.988889,530
26.520106,-17.989364,530
26.520121,-17.989912,513
26.520051,-17.991153,542
26.52,-17.991933,571
26.519976,-17.992528,599
26.519946,-17.993268,613
26.519922,-17.993857,608
26.519906,-17.99457,608
26.519699,-17.995228,635
26.519349,-17.996178,687
26.519062,-17.996764,701
26.518652,-17.997344,691
26.518082,-17.997561,691
26.5174,-17.997893,685
26.51661,-17.997923,684
26.515658,-17.998,659
26.515258,-17.99747,658
26.515267,-17.996762,652
26.515266,-17.996207,635
26.515271,-17.995641,635
26.515281,-17.995062,622
26.515706,-17.994166,606
26.515849,-17.993581,601
26.516009,-17.992825,603
26.516183,-17.992185,603
26.516379,-17.991505,555
26.516545,-17.991018,515
26.516691,-17.990275,517
26.516649,-17.989622,517
26.516715,-17.989017,567
26.516668,-17.988664,629
26.516561,-17.987836,684
26.516487,-17.98724,684
26.516435,-17.986162,729
26.516437,-17.985124,724
26.516467,-17.983874,705
26.516515,-17.982728,666
26.516229,-17.982145,671
26.515487,-17.982252,671
26.514294,-17.982441,692
26.513697,-17.982844,700
26.512954,-17.983427,727
26.512359,-17.984603,742
26.512097,-17.985647,743
26.511963,-17.985945,743
26.512007,-17.987213,711
26.512061,-17.987699,711
26.512064,-17.988759,585
26.511989,-17.989232,585
26.511899,-17.989584,528
26.511983,-17.990609,517
26.511842,-17.991366,526
26.511411,-17.992013,526
26.511085,-17.992867,586
26.510368,-17.993554,612
26.509652,-17.993945,623
26.509065,-17.994353,623
26.508767,-17.994419,662
26.507585,-17.994671,704
26.506721,-17.994816,715
26.505863,-17.994952,732
26.504582,-17.995146,745
26.503316,-17.994835,741
26.502762,-17.9944,685
26.502357,-17.99342,642
26.502372,-17.992549,589
26.502372,-17.991886,536
26.50293,-17.991371,536
26.503478,-17.991054,569
26.504159,-17.990593,568
26.504709,-17.990272,574
26.505302,-17.989831,751
26.506036,-17.989228,521
26.506436,-17.988789,521
26.506812,-17.988255,550
26.507328,-17.987878,575
26.507565,-17.987505,628
26.507927,-17.987008,680
26.508149,-17.986516,702
26.508639,-17.985729,734
26.508901,-17.985135,748
26.509434,-17.983761,751
26.509704,-17.982986,747
26.509838,-17.982522,748
26.509823,-17.981764,747
26.509529,-17.981482,754
26.508796,-17.98141,752
26.507478,-17.981575,754
26.506892,-17.981648,763
26.506171,-17.982042,776
26.505598,-17.982414,776
26.5049,-17.983249,781
26.504503,-17.983847,749
26.503987,-17.984378,749
26.503622,-17.98487,667
26.503265,-17.985332,667
26.502749,-17.985683,572
26.502367,-17.986053,572
26.50197,-17.986308,517
26.501422,-17.98695,517
26.500968,-17.98743,569
26.500521,-17.988069,622
26.499936,-17.988711,671
26.49924,-17.989244,680
26.498735,-17.989921,632
26.497927,-17.990335,636
26.497528,-17.990606,579
26.496853,-17.991051,570
26.496151,-17.991252,554
26.495304,-17.991474,549
26.494595,-17.991725,552
26.493734,-17.991843,563
26.492874,-17.991961,572
26.491442,-17.992156,619
26.490836,-17.991757,577
26.490216,-17.9912,571
26.489992,-17.990412,571
26.489921,-17.989829,624
26.490452,-17.989422,690
26.491144,-17.98906,675
26.491834,-17.988742,654
26.492249,-17.988595,711
26.492806,-17.988444,711
26.493365,-17.988265,715
26.494346,-17.987878,724
26.494779,-17.987817,709
26.495627,-17.987382,703
26.496498,-17.98662,634
26.497085,-17.986106,562
26.497823,-17.985562,544
26.498239,-17.985037,518
26.499218,-17.984564,564
26.499892,-17.984179,591
26.500437,-17.98392,591
26.501206,-17.983174,653
26.501739,-17.98277,710
26.50224,-17.981955,758
26.502338,-17.981231,758
26.502444,-17.980293,759
26.501709,-17.980385,760
26.500379,-17.980399,764
26.499646,-17.980487,766
26.499061,-17.980551,766
26.498648,-17.980858,761
26.497945,-17.981185,758
26.497408,-17.981589,714
26.496873,-17.981975,707
26.496758,-17.98222,650
26.496093,-17.982725,633
26.495538,-17.983015,570
26.494997,-17.983431,570
26.494441,-17.983723,522
26.494017,-17.983883,522
26.49359,-17.984061,519
26.492881,-17.984434,518
26.492166,-17.984889,551
26.491588,-17.985177,561
26.490721,-17.985497,622
26.490013,-17.986014,636
26.489868,-17.986048,636
26.488718,-17.986478,703
26.487575,-17.986856,722
26.486855,-17.98699,736
26.485558,-17.987117,742
26.484833,-17.987113,734
26.484327,-17.986498,745
26.484403,-17.985801,713
26.484801,-17.985348,662
26.485364,-17.985057,662
26.486058,-17.984538,584
26.486479,-17.984243,571
26.487196,-17.983872,571
26.487608,-17.983446,518
26.488478,-17.983182,514
26.4892,-17.983003,516
26.490199,-17.98273,580
26.491357,-17.98257,617
26.491912,-17.982308,617
26.492481,-17.982168,628
26.493301,-17.981611,692
26.493846,-17.981166,716
26.494076,-17.980438,716
26.494025,-17.97988,738
26.493406,-17.979443,714
26.492944,-17.97914,712
26.492176,-17.978662,668
26.491288,-17.978759,704
26.49114,-17.978775,704
26.489956,-17.978918,717
26.489363,-17.979038,730
26.488784,-17.979343,735
26.488089,-17.979863,730
26.487381,-17.98016,727
26.48682,-17.980424,655
26.486124,-17.980822,641
26.485425,-17.981189,622
26.485142,-17.981307,551
26.484308,-17.981827,534
26.48347,-17.9824,537
26.482637,-17.98302,620
26.482096,-17.983526,643
26.481556,-17.984,673
26.481,-17.9843,689
26.479868,-17.984698,744
26.478858,-17.984858,757
26.477845,-17.984992,759
26.477699,-17.985006,759
26.476627,-17.984683,761
26.476107,-17.984109,766
26.476035,-17.983596,729
26.476197,-17.982656,684
26.476607,-17.982399,679
26.477275,-17.981811,653
26.478125,-17.981428,649
26.478839,-17.981161,668
26.47938,-17.980702,652
26.480183,-17.979891,575
26.480748,-17.979561,524
26.481465,-17.979226,542
26.482204,-17.979098,587
26.482931,-17.978904,587
26.48337,-17.978821,646
26.483821,-17.978857,692
26.484832,-17.978519,692
26.485687,-17.977994,686
26.486398,-17.977502,629
26.487114,-17.977049,629
26.487668,-17.976558,616
26.488372,-17.976095,666
26.489183,-17.975211,688
26.489546,-17.974314,717
26.489339,-17.973778,717
26.488725,-17.973733,736
26.487675,-17.973879,750
26.486926,-17.97396,749
26.485726,-17.974042,744
26.485275,-17.974068,733
26.484674,-17.974097,733
26.483815,-17.974529,724
26.483103,-17.974927,656
26.48251,-17.975037,629
26.482083,-17.975279,599
26.481364,-17.97564,551
26.480941,-17.975946,536
26.479933,-17.976467,522
26.479364,-17.976827,517
26.478835,-17.977476,576
26.478136,-17.977927,630
26.477706,-17.978092,671
26.477021,-17.978566,691
26.476442,-17.978714,744
26.475299,-17.979114,753
26.474112,-17.979228,755
26.473665,-17.979265,755
26.472473,-17.979363,755
26.471248,-17.9792,739
26.471152,-17.978556,735
26.471293,-17.977507,719
26.471684,-17.977099,710
26.472348,-17.976477,686
26.472788,-17.976385,686
26.473884,-17.975656,608
26.474614,-17.975455,608
26.475616,-17.974995,520
26.476066,-17.974921,520
26.477108,-17.974652,512
26.478318,-17.974468,565
26.479211,-17.974215,584
26.479639,-17.973935,584
26.480657,-17.973467,634
26.481376,-17.973075,681
26.482229,-17.972541,599
26.482789,-17.9721,740
26.483192,-17.971582,747
26.482972,-17.970936,735
26.481909,-17.971015,739
26.48115,-17.971086,745
26.480088,-17.971184,748
26.47901,-17.971166,733
26.477922,-17.971104,651
26.47714,-17.971049,599
26.476509,-17.970984,599
26.475758,-17.97123,561
26.475029,-17.971648,526
26.474017,-17.972228,520
26.47333,-17.972848,543
26.4729,-17.973085,544
26.471916,-17.973749,586
26.471767,-17.973778,586
26.471062,-17.974147,598
26.470223,-17.974583,672
26.46922,-17.97489,692
26.468503,-17.975093,719
26.467778,-17.975262,742
26.46674,-17.975417,742
26.46633,-17.974785,751
26.466474,-17.973938,717
26.467353,-17.972919,649
26.467756,-17.97261,602
26.468448,-17.97213,588
26.469331,-17.971762,606
26.469948,-17.971717,615
26.470394,-17.97155,615
26.470983,-17.971329,622
26.471981,-17.970839,588
26.472386,-17.970478,544
26.473296,-17.970323,525
26.474543,-17.970227,553
26.475015,-17.97024,597
26.47561,-17.969987,610
26.476209,-17.969794,610
26.477266,-17.969552,638
26.477574,-17.969528,638
26.478651,-17.969439,640
26.479409,-17.969304,682
26.480145,-17.968981,733
26.480841,-17.968312,728
26.481208,-17.967423,698
26.48114,-17.966813,744
26.48109,-17.966374,744
26.480717,-17.96582,777
26.480049,-17.96541,771
26.479432,-17.965465,765
26.478487,-17.965381,770
26.477561,-17.96546,759
26.476324,-17.965559,749
26.47555,-17.965617,745
26.474776,-17.965676,742
26.474345,-17.965994,743
26.473597,-17.966297,693
26.472522,-17.966605,643
26.471423,-17.966771,594
26.47097,-17.967004,552
26.470076,-17.967466,522
26.469658,-17.967776,552
26.468891,-17.968712,627
26.468209,-17.969191,671
26.4669,-17.96966,707
26.466004,-17.96991,703
26.465084,-17.970003,705
26.464471,-17.970064,706
26.46309,-17.970199,703
26.462476,-17.970259,707
26.461364,-17.970083,704
26.461304,-17.969655,706
26.461553,-17.9692,741
26.462658,-17.96829,760
26.463242,-17.968052,758
26.463932,-17.967561,742
26.464651,-17.967238,739
26.465816,-17.966797,677
26.466633,-17.966236,641
26.467269,-17.965486,562
26.468259,-17.964755,516
26.468863,-17.964526,516
26.469807,-17.964309,581
26.470418,-17.964049,581
26.47081,-17.963464,601
26.471181,-17.962771,548
26.471036,-17.961725,558
26.470799,-17.961064,610
26.469591,-17.960324,651
26.468857,-17.95968,610
26.467936,-17.958945,600
26.46677,-17.958475,684
26.466603,-17.958383,684
26.465981,-17.958418,717
26.464724,-17.958421,748
26.464571,-17.958455,777
26.46349,-17.958653,783
26.462377,-17.958738,758
26.461584,-17.958809,763
26.461037,-17.959479,752
26.460784,-17.959959,732
26.460284,-17.961021,705
26.460062,-17.961857,654
26.45983,-17.962662,597
26.459583,-17.963246,553
26.459648,-17.963785,522
26.459486,-17.964779,518
26.459569,-17.965891,547
26.459605,-17.967378,668
26.459606,-17.968754,745
26.459402,-17.969506,745
26.459311,-17.969953,722
26.459185,-17.97089,737
26.45921,-17.971801,757
26.459162,-17.972342,758
26.459019,-17.973312,750
26.458518,-17.973993,742
26.457985,-17.974406,754
26.457087,-17.974519,754
26.456824,-17.97391,756
26.456738,-17.973438,763
26.456537,-17.972329,767
26.456392,-17.971628,760
26.456174,-17.970572,749
26.455933,-17.969461,693
26.455743,-17.96865,661
26.455634,-17.967556,608
26.45572,-17.966621,557
26.455753,-17.965359,516
26.455749,-17.964481,520
26.45576,-17.963631,527
26.456115,-17.962623,572
26.456523,-17.961841,662
26.457083,-17.961124,697
26.457419,-17.960157,712
26.457668,-17.959668,712
26.457919,-17.959184,729
26.458215,-17.958006,744
26.458528,-17.957044,745
26.458478,-17.955977,693
26.458811,-17.955051,675
26.458958,-17.954058,714
26.458853,-17.952707,600
26.458286,-17.951472,606
26.457563,-17.951232,566
26.45639,-17.951255,577
26.455635,-17.951598,596
26.455551,-17.952851,628
26.455515,-17.953678,607
26.455231,-17.954922,594
26.455174,-17.955593,570
26.454919,-17.956084,570
26.454809,-17.957134,604
26.454839,-17.958519,688
26.454406,-17.959062,622
26.453974,-17.959609,583
26.453507,-17.959979,539
26.453095,-17.960574,524
26.452557,-17.961833,555
26.452242,-17.963194,597
26.451719,-17.964335,659
26.451009,-17.965611,645
26.450542,-17.966497,613
26.450293,-17.967482,658
26.449712,-17.96834,686
26.448882,-17.968824,722
26.448127,-17.968937,718
26.447783,-17.968801,720
26.447252,-17.967105,680
26.447207,-17.966816,707
26.447059,-17.965924,732
26.447158,-17.964775,750
26.44744,-17.963859,748
26.447649,-17.962794,689
26.447934,-17.962072,689
26.448155,-17.961212,583
26.448899,-17.959626,552
26.448881,-17.959485,573
26.449554,-17.958729,573
26.450035,-17.958014,573
26.450606,-17.956911,518
26.450943,-17.956126,526
26.451088,-17.955971,526
26.45142,-17.954969,578
26.451616,-17.954334,540
26.451811,-17.953594,557
26.45221,-17.952837,615
26.452715,-17.951824,621
26.453425,-17.950454,574
26.454291,-17.949664,582
26.454455,-17.949647,582
26.454461,-17.948631,614
26.453147,-17.948566,644
26.451863,-17.948476,715
26.450508,-17.948298,697
26.449475,-17.948075,695
26.448116,-17.948095,675
26.44743,-17.948092,660
26.44668,-17.948333,664
26.446506,-17.949015,721
26.446481,-17.949645,735
26.446612,-17.950548,687
26.446512,-17.951113,687
26.446569,-17.951754,628
26.44667,-17.952592,578
26.446773,-17.953329,541
26.447089,-17.954929,530
26.447372,-17.955934,570
26.447549,-17.957271,664
26.447516,-17.958509,675
26.44742,-17.95917,614
26.447459,-17.95956,614
26.447244,-17.960214,566
26.44699,-17.96122,565
26.447018,-17.96191,597
26.446875,-17.963107,683
26.446104,-17.963321,653
26.445637,-17.96276,640
26.445296,-17.961913,668
26.445009,-17.960645,637
26.444963,-17.960349,656
26.444818,-17.959341,705
26.44475,-17.958689,705
26.444636,-17.958053,757
26.444137,-17.956467,673
26.443752,-17.955304,557
26.443663,-17.953614,535
26.443886,-17.952953,529
26.444154,-17.952379,580
26.444563,-17.951535,636
26.444852,-17.951006,694
26.445104,-17.950089,769
26.445494,-17.949311,787
26.445835,-17.947946,761
26.445911,-17.946738,739
26.445621,-17.946061,759
26.4449,-17.945782,756
26.443417,-17.945721,793
26.442386,-17.946301,819
26.442765,-17.947925,830
26.442912,-17.948645,830
26.443078,-17.94972,765
26.443118,-17.950223,765
26.443012,-17.950882,696
26.443072,-17.95153,635
26.44299,-17.952238,585
26.442896,-17.952817,596
26.442989,-17.953531,535
26.442945,-17.954205,520
26.443073,-17.955309,557
26.44311,-17.956448,657
26.4431,-17.957904,774
26.443056,-17.958862,776
26.442689,-17.959425,772
26.442131,-17.959837,775
26.441346,-17.959932,775
26.440952,-17.959616,778
26.440651,-17.958667,713
26.439845,-17.9564,581
26.439583,-17.955504,538
26.439386,-17.954501,551
26.439295,-17.953793,551
26.439204,-17.953085,608
26.438944,-17.952165,653
26.43887,-17.951489,702
26.438821,-17.950858,786
26.438755,-17.950303,829
26.438593,-17.949464,841
26.438463,-17.948791,841
26.438296,-17.948048,844
26.437629,-17.947337,834
26.437069,-17.947796,840
26.437088,-17.94858,844
26.437067,-17.949289,842
26.43707,-17.950146,833
26.437061,-17.950981,804
26.437111,-17.951506,752
26.436803,-17.951898,741
26.436364,-17.952803,672
26.436063,-17.953431,596
26.435762,-17.953952,543
26.4358,-17.954967,521
26.435711,-17.955941,536
26.435717,-17.956951,571
26.435489,-17.957739,613
26.435183,-17.958285,648
26.434804,-17.959087,695
26.434349,-17.959908,762
26.433219,-17.959995,766
26.432763,-17.960074,767
26.431722,-17.96029,769
26.430911,-17.959527,690
26.430579,-17.958604,662
26.430479,-17.958122,714
26.430365,-17.956919,719
26.430653,-17.95551,639
26.430744,-17.954413,555
26.431192,-17.953809,555
26.43173,-17.953335,527
26.432313,-17.952816,569
26.432957,-17.952394,569
26.433459,-17.952136,589
26.433927,-17.951601,661
26.434434,-17.951246,661
26.434772,-17.951009,753
26.434571,-17.949906,787
26.434598,-17.949013,837
26.434611,-17.948512,834
26.434647,-17.947828,829
26.434854,-17.946954,822
26.435062,-17.946078,811
26.434944,-17.945228,803
26.433791,-17.945344,804
26.433128,-17.945413,798
26.432489,-17.945794,790
26.432152,-17.946663,780
26.431985,-17.947178,785
26.432027,-17.948136,772
26.431964,-17.94873,737
26.432038,-17.94933,737
26.431719,-17.950064,684
26.431511,-17.950661,638
26.431286,-17.951107,620
26.430469,-17.951731,557
26.430055,-17.952212,529
26.429218,-17.953131,549
26.428395,-17.95382,600
26.427753,-17.954479,620
26.426667,-17.955859,755
26.425472,-17.956938,828
26.42464,-17.957845,833
26.424168,-17.958367,827
26.423532,-17.958748,819
26.42257,-17.959163,819
26.422066,-17.958744,825
26.421892,-17.958447,830
26.421403,-17.9585,830
26.420103,-17.957664,823
26.420285,-17.956369,767
26.421087,-17.955847,696
26.421885,-17.955165,651
26.422783,-17.954687,648
26.423693,-17.954034,601
26.424251,-17.953433,579
26.424638,-17.952853,566
26.425377,-17.952055,566
26.426101,-17.951436,532
26.426581,-17.950899,529
26.42734,-17.950374,585
26.427324,-17.95022,585
26.428331,-17.949399,617
26.428593,-17.948924,617
26.428857,-17.948615,662
26.429688,-17.947987,672
26.429663,-17.947841,701
26.430055,-17.947381,715
26.430683,-17.946469,776
26.431483,-17.945408,786
26.432285,-17.944345,804
26.43292,-17.943467,819
26.433428,-17.942905,812
26.433736,-17.941552,833
26.433733,-17.940715,829
26.433234,-17.94026,823
26.431888,-17.94041,830
26.431203,-17.940834,837
26.430532,-17.941583,847
26.429688,-17.942523,848
26.429351,-17.942899,844
26.428703,-17.943624,831
26.428119,-17.944459,827
26.427727,-17.945083,771
26.427324,-17.94555,746
26.426943,-17.946166,706
26.426444,-17.94709,657
26.42576,-17.947713,630
26.425359,-17.94818,585
26.424819,-17.948807,546
26.424367,-17.94932,530
26.423721,-17.949875,547
26.422716,-17.950622,606
26.421683,-17.951565,666
26.421085,-17.951877,692
26.420253,-17.952437,775
26.419503,-17.952923,823
26.418488,-17.953386,817
26.417803,-17.953813,843
26.41712,-17.953908,843
26.416269,-17.954025,847
26.41594,-17.953563,837
26.416252,-17.952399,787
26.416289,-17.952194,757
26.417284,-17.951435,697
26.418302,-17.950802,681
26.418979,-17.950213,669
26.420031,-17.949549,643
26.420851,-17.948991,610
26.421505,-17.94828,541
26.422219,-17.947658,832
26.423057,-17.947205,572
26.423583,-17.946764,611
26.424403,-17.946157,688
26.424921,-17.945554,712
26.425622,-17.94475,765
26.426506,-17.943744,783
26.426986,-17.943203,802
26.427301,-17.942848,817
26.428078,-17.941631,832
26.42805,-17.940811,832
26.427221,-17.940722,827
26.426727,-17.940768,825
26.426086,-17.941151,819
26.425425,-17.941725,820
26.424774,-17.942629,829
26.424299,-17.943165,799
26.423614,-17.943611,759
26.423091,-17.944215,731
26.422278,-17.944807,668
26.42191,-17.945235,617
26.421519,-17.945515,577
26.420498,-17.945822,528
26.41999,-17.946565,532
26.419084,-17.947237,551
26.417784,-17.948006,611
26.416896,-17.948491,622
26.416094,-17.949057,624
26.415352,-17.94955,656
26.414699,-17.949605,682
26.413863,-17.950039,661
26.412844,-17.950167,679
26.411939,-17.950508,672
26.411691,-17.949592,702
26.411563,-17.948711,746
26.411872,-17.948015,752
26.412298,-17.947015,775
26.412972,-17.946072,763
26.413689,-17.945422,769
26.414773,-17.944701,727
26.415353,-17.944384,674
26.416636,-17.943436,569
26.417582,-17.943056,538
26.41841,-17.942813,531
26.419801,-17.942277,586
26.420375,-17.942144,586
26.421339,-17.942083,714
26.422335,-17.941809,746
26.422332,-17.94164,746
26.423339,-17.941179,793
26.423335,-17.941012,793
26.424406,-17.94031,819
26.424891,-17.939762,824
26.425567,-17.93917,827
26.425922,-17.938599,809
26.426624,-17.937463,799
26.426794,-17.936582,811
26.426616,-17.935918,813
26.425921,-17.935665,819
26.424887,-17.935796,821
26.424071,-17.935854,814
26.423422,-17.935895,806
26.423098,-17.935916,806
26.422448,-17.935957,796
26.421511,-17.936674,772
26.420582,-17.937381,745
26.420282,-17.937897,725
26.419656,-17.93896,739
26.418953,-17.939757,676
26.418252,-17.940201,656
26.417736,-17.940783,571
26.417167,-17.941427,541
26.416519,-17.942343,540
26.415726,-17.943078,598
26.414738,-17.943865,674
26.414181,-17.944157,679
26.413203,-17.94511,729
26.413017,-17.945325,729
26.412167,-17.945605,763
26.410954,-17.945959,758
26.410776,-17.94599,758
26.409543,-17.946198,785
26.408509,-17.946352,833
26.407321,-17.946507,832
26.407211,-17.945922,778
26.407271,-17.945311,731
26.408056,-17.94402,692
26.409576,-17.942964,672
26.411595,-17.942044,671
26.413301,-17.94111,584
26.414275,-17.940503,559
26.414976,-17.940049,528
26.41577,-17.939675,532
26.416921,-17.939083,598
26.417053,-17.938935,598
26.418167,-17.938382,742
26.418558,-17.937944,742
26.419376,-17.937183,756
26.420214,-17.936225,752
26.421002,-17.935326,755
26.421307,-17.93445,765
26.421144,-17.933753,765
26.420615,-17.933832,765
26.419344,-17.933887,806
26.418303,-17.934026,816
26.417126,-17.934497,818
26.416175,-17.935229,800
26.415455,-17.935506,759
26.414632,-17.936064,720
26.414503,-17.936207,673
26.413644,-17.936631,603
26.412909,-17.93728,558
26.412015,-17.93811,527
26.411524,-17.938677,527
26.410983,-17.939134,551
26.41022,-17.939682,612
26.408976,-17.94101,683
26.408412,-17.941325,746
26.407902,-17.941922,740
26.406621,-17.942688,710
26.405469,-17.943672,703
26.40513,-17.943891,723
26.404284,-17.944349,724
26.403437,-17.944991,745
26.402272,-17.945466,753
26.40124,-17.945797,788
26.399959,-17.945926,833
26.400079,-17.9449,834
26.401293,-17.943613,789
26.402212,-17.942921,801
26.40356,-17.942224,814
26.404438,-17.941894,793
26.4055,-17.941343,748
26.406869,-17.940209,631
26.40779,-17.939646,627
26.40836,-17.938958,583
26.409285,-17.938033,535
26.409749,-17.937504,539
26.410201,-17.936992,572
26.410852,-17.935925,635
26.411262,-17.935475,635
26.411672,-17.935025,703
26.412094,-17.934556,774
26.412661,-17.933925,741
26.41345,-17.933199,771
26.414168,-17.932035,820
26.413818,-17.931724,820
26.41279,-17.931842,832
26.411935,-17.931941,831
26.410396,-17.932117,829
26.409888,-17.932168,829
26.409418,-17.932709,827
26.408333,-17.933401,797
26.408089,-17.933833,732
26.407761,-17.934512,730
26.406936,-17.935407,590
26.406536,-17.936018,590
26.406148,-17.936794,534
26.40523,-17.937913,572
26.404544,-17.938362,583
26.404361,-17.938771,619
26.40301,-17.939904,684
26.40261,-17.940228,710
26.401846,-17.940635,793
26.401121,-17.94098,810
26.399395,-17.94161,845
26.398215,-17.941747,845
26.396878,-17.941509,847
26.397765,-17.940017,763
26.399634,-17.938183,654
26.40149,-17.936592,545
26.402671,-17.935932,535
26.403795,-17.935565,543
26.405374,-17.935051,616
26.406264,-17.934612,642
26.406563,-17.934461,729
26.406792,-17.934055,729
26.406839,-17.933502,783
26.40705,-17.932757,833
26.407152,-17.931928,827
26.407405,-17.93037,848
26.407377,-17.92986,848
26.406015,-17.929999,852
26.405505,-17.930052,852
26.404659,-17.93013,849
26.403699,-17.930877,834
26.403402,-17.931208,834
26.402526,-17.931794,753
26.402119,-17.932217,671
26.400883,-17.932866,625
26.399953,-17.933739,609
26.399664,-17.934053,614
26.399092,-17.934666,553
26.398819,-17.935139,556
26.397849,-17.936286,544
26.397303,-17.937178,595
26.396594,-17.93846,628
26.396007,-17.939823,718
26.395807,-17.940286,718
26.395397,-17.941988,804
26.394892,-17.942989,526
26.394441,-17.944067,864
26.393952,-17.944472,864
26.392472,-17.944967,864
26.391307,-17.945087,865
26.390771,-17.944262,863
26.390637,-17.942453,775
26.390706,-17.940512,666
26.391588,-17.938955,579
26.391934,-17.938509,541
26.39292,-17.937105,526
26.393081,-17.936712,525
26.394178,-17.93544,533
26.394749,-17.934644,570
26.395326,-17.934032,626
26.396078,-17.933391,667
26.39675,-17.932338,730
26.397115,-17.93144,799
26.39788,-17.930372,814
26.398196,-17.930002,822
26.398985,-17.928884,833
26.399145,-17.928694,833
26.399594,-17.927412,835
26.399384,-17.926532,832
26.398523,-17.926432,829
26.397833,-17.926312,827
26.396805,-17.926413,821
26.396634,-17.92643,821
26.395949,-17.926496,825
26.395094,-17.926575,828
26.394068,-17.926669,825
26.392789,-17.927375,776
26.392639,-17.927542,776
26.391871,-17.927994,718
26.391267,-17.92845,688
26.390678,-17.92907,664
26.390084,-17.929701,608
26.389657,-17.930328,573
26.389247,-17.931119,544
26.388943,-17.932088,550
26.388818,-17.933444,584
26.388635,-17.934545,621
26.388547,-17.93599,651
26.388737,-17.937107,542
26.388867,-17.938601,527
26.388694,-17.938623,533
26.388685,-17.939876,610
26.388484,-17.941192,661
26.388068,-17.943639,838
26.387623,-17.944931,850
26.387521,-17.946161,864
26.387591,-17.947159,864
26.386925,-17.947233,866
26.386878,-17.946567,865
26.386664,-17.945918,867
26.386608,-17.945076,864
26.38656,-17.944206,865
26.386529,-17.942879,850
26.386574,-17.941527,733
26.386604,-17.940407,669
26.386613,-17.93955,575
26.386611,-17.938509,538
26.386528,-17.937285,536
26.386683,-17.936133,646
26.386544,-17.935296,701
26.386496,-17.934809,701
26.386462,-17.933848,686
26.38641,-17.932506,628
26.386343,-17.931643,650
26.386273,-17.930349,615
26.386217,-17.928995,631
26.385967,-17.927501,599
26.385536,-17.926259,587
26.385137,-17.925574,607
26.384563,-17.925134,627
26.384036,-17.925677,640
26.384063,-17.926263,649
26.384137,-17.92782,667
26.384164,-17.928401,660
26.384192,-17.928978,691
26.384278,-17.930461,711
26.384343,-17.931342,702
26.384225,-17.932502,735
26.384266,-17.933684,769
26.38419,-17.934464,757
26.384369,-17.935583,626
26.384436,-17.936005,626
26.384335,-17.936436,568
26.384447,-17.937143,531
26.384344,-17.938014,543
26.384363,-17.93925,587
26.384365,-17.940104,630
26.384002,-17.941498,745
26.383975,-17.942641,811
26.38399,-17.943844,879
26.383873,-17.944535,879
26.383898,-17.944871,874
26.382985,-17.946152,872
26.382783,-17.947843,870
26.382859,-17.948839,868
26.382605,-17.949865,866
26.38225,-17.949563,868
26.382198,-17.948903,868
26.382132,-17.948079,871
26.382052,-17.947088,874
26.381999,-17.946427,875
26.381934,-17.94559,875
26.381642,-17.94391,877
26.381417,-17.943054,874
26.381255,-17.941512,772
26.381089,-17.940623,708
26.381067,-17.939353,611
26.381057,-17.938708,611
26.381031,-17.937665,531
26.380904,-17.93634,542
26.381276,-17.935496,579
26.381624,-17.934518,755
26.381812,-17.933506,801
26.38188,-17.932535,817
26.381859,-17.931696,785
26.381838,-17.931084,747
26.381783,-17.930149,733
26.381706,-17.929305,755
26.381277,-17.928529,784
26.380614,-17.927092,804
26.380038,-17.926452,820
26.379328,-17.926379,826
26.379438,-17.927566,804
26.379383,-17.928731,767
26.379271,-17.929692,803
26.379371,-17.931419,825
26.379456,-17.932466,826
26.379493,-17.932772,826
26.379588,-17.933523,786
26.37977,-17.93459,650
26.379713,-17.935276,650
26.379673,-17.936122,576
26.379793,-17.937245,535
26.37966,-17.938279,576
26.379514,-17.939601,688
26.379352,-17.941217,742
26.379184,-17.941925,793
26.379078,-17.943283,857
26.379104,-17.943626,857
26.378975,-17.944165,862
26.378866,-17.945071,878
26.378599,-17.945954,882
26.378627,-17.94629,882
26.378046,-17.947358,877
26.377136,-17.948449,877
26.376624,-17.948334,878
26.376523,-17.947174,881
26.37645,-17.946343,884
26.376351,-17.945159,883
26.3763,-17.944449,862
26.376219,-17.943402,857
26.376134,-17.941617,800
26.376108,-17.940742,728
26.376052,-17.939262,631
26.375984,-17.937563,556
26.375873,-17.936103,555
26.375987,-17.935637,555
26.376073,-17.935077,612
26.376115,-17.934257,673
26.376329,-17.933419,765
26.376569,-17.932676,807
26.376551,-17.932525,807
26.376613,-17.931309,814
26.376662,-17.929907,820
26.376633,-17.929546,813
26.376513,-17.927857,781
26.376435,-17.92699,791
26.376184,-17.92614,818
26.375553,-17.924989,832
26.374982,-17.924246,811
26.374633,-17.924305,811
26.373427,-17.924383,789
26.37245,-17.92488,765
26.372161,-17.925713,789
26.371913,-17.927174,828
26.372009,-17.928253,829
26.37209,-17.929145,819
26.372207,-17.93033,812
26.372292,-17.931164,808
26.372369,-17.931743,772
26.372485,-17.932601,711
26.372599,-17.933482,670
26.372733,-17.934511,625
26.372828,-17.935247,581
26.372988,-17.936993,543
26.372873,-17.938077,630
26.372724,-17.938533,630
26.372625,-17.940402,811
26.372714,-17.941763,834
26.372639,-17.942806,830
26.372592,-17.944206,834
26.372677,-17.944993,811
26.372437,-17.945738,763
26.372064,-17.947097,784
26.371284,-17.948228,854
26.370501,-17.949128,669
26.3704,-17.947843,856
26.370259,-17.945946,757
26.37019,-17.944955,709
26.370106,-17.944145,725
26.370035,-17.943535,766
26.369944,-17.942799,818
26.370004,-17.941892,838
26.370089,-17.941037,842
26.370151,-17.93935,730
26.370264,-17.938133,669
26.370402,-17.937392,611
26.370503,-17.936345,571
26.370442,-17.935566,543
26.370693,-17.934785,565
26.37062,-17.934177,614
26.370467,-17.933026,659
26.37033,-17.932088,732
26.370254,-17.931517,785
26.370149,-17.930538,819
26.370028,-17.929357,828
26.369963,-17.928633,820
26.369886,-17.927631,786
26.369811,-17.926582,743
26.369705,-17.925113,711
26.36941,-17.923899,688
26.368733,-17.924102,682
26.368301,-17.92496,665
26.367914,-17.926585,701
26.367931,-17.926791,701
26.367684,-17.928057,758
26.367613,-17.929208,770
26.367341,-17.929852,736
26.367241,-17.930511,731
26.366986,-17.931364,694
26.367057,-17.932024,694
26.366878,-17.93334,606
26.366761,-17.933767,554
26.366852,-17.93453,554
26.366629,-17.935888,564
26.36654,-17.937016,605
26.366638,-17.938389,728
26.36659,-17.939646,728
26.366562,-17.94089,686
26.366276,-17.941394,660
26.365123,-17.942104,775
26.364785,-17.942202,775
26.363419,-17.942309,832
26.363172,-17.941482,780
26.362996,-17.939606,687
26.36288,-17.938445,616
26.362729,-17.936982,591
26.362653,-17.936233,591
26.363032,-17.934759,551
26.363458,-17.93383,541
26.363905,-17.933168,573
26.364316,-17.932233,619
26.364608,-17.931727,650
26.365018,-17.930739,675
26.365154,-17.93041,675
26.365391,-17.929404,705
26.365456,-17.928252,724
26.36542,-17.927861,674
26.365467,-17.926473,668
26.365376,-17.925627,652
26.365477,-17.924981,679
26.365056,-17.924399,752
26.364469,-17.925432,657
26.36402,-17.926094,657
26.363762,-17.926902,627
26.363333,-17.92783,636
26.363041,-17.928405,641
26.362287,-17.92959,661
26.362191,-17.930362,661
26.362036,-17.930548,642
26.361647,-17.931781,632
26.361216,-17.93257,584
26.361078,-17.932884,541
26.360495,-17.933929,548
26.36023,-17.934723,573
26.359653,-17.935873,612
26.35906,-17.93682,649
26.358516,-17.938159,753
26.357893,-17.938754,793
26.357309,-17.938171,749
26.357168,-17.936955,688
26.357028,-17.935754,658
26.356935,-17.934955,625
26.357499,-17.933774,575
26.357906,-17.932722,534
26.358354,-17.932036,562
26.358958,-17.93117,584
26.359729,-17.930209,587
26.360193,-17.929638,587
26.360833,-17.929069,599
26.361144,-17.928704,599
26.362094,-17.927737,620
26.363028,-17.926631,627
26.363497,-17.926127,656
26.363755,-17.925319,705
26.363838,-17.924522,747
26.363901,-17.923467,742
26.363808,-17.922559,757
26.36309,-17.922395,741
26.361862,-17.92241,692
26.360637,-17.922524,666
26.360462,-17.922541,671
26.359662,-17.923292,652
26.3589,-17.924374,645
26.358297,-17.925301,651
26.357745,-17.926675,652
26.357369,-17.928029,658
26.356938,-17.92887,620
26.356483,-17.929515,620
26.356045,-17.930306,578
26.35581,-17.931324,535
26.355225,-17.932333,556
26.3547,-17.933755,630
26.354289,-17.934707,639
26.354008,-17.93527,639
26.353425,-17.936223,627
26.352986,-17.936871,627
26.352327,-17.937153,665
26.3512,-17.937769,663
26.350361,-17.938008,687
26.348996,-17.93817,700
26.348773,-17.937808,667
26.348912,-17.936191,698
26.349657,-17.935137,735
26.350603,-17.934414,683
26.351511,-17.933343,657
26.351949,-17.932683,660
26.352039,-17.932033,621
26.352266,-17.931107,563
26.352747,-17.929302,537
26.353178,-17.928444,568
26.353452,-17.927754,584
26.353902,-17.927054,604
26.354549,-17.926522,605
26.355195,-17.925993,649
26.35619,-17.92542,654
26.357311,-17.924399,671
26.357292,-17.924236,671
26.358187,-17.922763,676
26.357799,-17.922465,704
26.356534,-17.922254,750
26.356344,-17.922137,750
26.355468,-17.922195,795
26.354253,-17.922366,821
26.353556,-17.92244,818
26.352511,-17.922551,806
26.351283,-17.922632,810
26.350399,-17.92266,804
26.349397,-17.923265,720
26.348796,-17.924312,646
26.34868,-17.924901,604
26.348425,-17.925832,572
26.348574,-17.927049,561
26.348596,-17.927225,561
26.348748,-17.928453,545
26.348354,-17.929559,536
26.348132,-17.930464,601
26.347952,-17.931615,640
26.347774,-17.932758,674
26.3477,-17.933423,714
26.347199,-17.934833,746
26.346543,-17.935104,776
26.34586,-17.935091,785
26.345396,-17.934328,743
26.344949,-17.932635,675
26.344652,-17.931937,632
26.344384,-17.930338,530
26.344276,-17.929576,535
26.344186,-17.928784,535
26.344135,-17.928317,569
26.343845,-17.927265,611
26.343747,-17.926346,670
26.343476,-17.925647,690
26.343201,-17.924928,667
26.342907,-17.924147,666
26.34221,-17.92293,645
26.341849,-17.921726,614
26.341321,-17.920574,610
26.340688,-17.919785,618
26.340141,-17.919686,612
26.339468,-17.920075,629
26.339508,-17.922279,770
26.339732,-17.923596,779
26.339896,-17.924926,758
26.33997,-17.925568,719
26.340273,-17.926668,700
26.34051,-17.927254,663
26.34094,-17.928086,608
26.341161,-17.92852,608
26.34195,-17.930727,535
26.342625,-17.932631,617
26.343061,-17.934243,675
26.343486,-17.935718,736
26.344055,-17.937092,798
26.344078,-17.937266,798
26.344369,-17.938125,758
26.344823,-17.938943,780
26.345178,-17.9402,798
26.345459,-17.940929,823
26.345744,-17.94177,821
26.345896,-17.94294,811
26.344589,-17.943413,806
26.344162,-17.942779,816
26.34352,-17.941825,818
26.343205,-17.940907,790
26.342503,-17.939789,758
26.342185,-17.938759,757
26.34149,-17.937457,788
26.340599,-17.935293,679
26.340019,-17.933105,587
26.339497,-17.932115,544
26.339219,-17.931413,540
26.338782,-17.930661,583
26.338448,-17.929368,585
26.337979,-17.928201,642
26.337527,-17.927188,694
26.337252,-17.926166,793
26.336789,-17.925233,809
26.33632,-17.924394,817
26.335466,-17.923384,815
26.333908,-17.922439,812
26.333183,-17.922333,810
26.333079,-17.92287,797
26.333234,-17.923942,784
26.333364,-17.924833,785
26.333529,-17.926038,795
26.333668,-17.927179,715
26.333681,-17.927325,715
26.3341,-17.928266,653
26.334727,-17.92904,618
26.335459,-17.930413,639
26.335915,-17.931442,581
26.336388,-17.932625,543
26.337118,-17.933769,607
26.337473,-17.934654,651
26.338018,-17.935677,672
26.338354,-17.936626,715
26.338624,-17.9373,676
26.338903,-17.937999,699
26.339425,-17.938968,744
26.339894,-17.940693,791
26.339985,-17.94125,812
26.340179,-17.942503,813
26.340366,-17.943848,808
26.339717,-17.944094,808
26.338999,-17.943839,819
26.338952,-17.943503,814
26.338618,-17.942576,777
26.33808,-17.941357,766
26.337815,-17.940697,773
26.337152,-17.93908,729
26.336934,-17.938003,637
26.336579,-17.937019,611
26.336421,-17.936076,606
26.335877,-17.934954,566
26.335111,-17.93351,534
26.334623,-17.932522,559
26.334215,-17.931835,622
26.333639,-17.93106,695
26.333237,-17.930504,695
26.332623,-17.92976,749
26.332018,-17.928273,709
26.33159,-17.927539,706
26.331485,-17.926595,761
26.33082,-17.925501,776
26.33034,-17.924652,802
26.329632,-17.923462,817
26.328941,-17.923552,817
26.328133,-17.924023,825
26.328298,-17.925097,810
26.328489,-17.926344,807
26.328657,-17.92754,802
26.328929,-17.928209,783
26.329491,-17.929464,807
26.329523,-17.92965,802
26.33052,-17.930917,744
26.331261,-17.931667,681
26.331287,-17.932083,619
26.332289,-17.933477,544
26.333181,-17.93541,642
26.333675,-17.936165,642
26.334154,-17.937249,604
26.334321,-17.938318,608
26.334701,-17.939944,723
26.335333,-17.941697,745
26.335359,-17.94187,745
26.335491,-17.942734,740
26.33565,-17.943769,740
26.335623,-17.944667,750
26.334723,-17.944411,748
26.334325,-17.943971,775
26.333869,-17.943178,760
26.333587,-17.942376,797
26.333128,-17.941577,797
26.332834,-17.940872,786
26.332551,-17.940189,780
26.332059,-17.939448,761
26.331636,-17.93884,761
26.331474,-17.937921,779
26.330875,-17.936851,674
26.33035,-17.935451,619
26.3303,-17.935232,570
26.329682,-17.933878,547
26.329615,-17.933252,569
26.329401,-17.932577,634
26.329022,-17.932059,634
26.328634,-17.9314,697
26.328229,-17.930708,750
26.328001,-17.930128,804
26.32749,-17.928861,828
26.327029,-17.928181,822
26.326884,-17.927281,819
26.326571,-17.926409,826
26.326287,-17.925718,822
26.325975,-17.924848,827
26.325374,-17.924378,837
26.324313,-17.924333,843
26.323339,-17.924828,853
26.32331,-17.925742,850
26.323416,-17.926438,841
26.323572,-17.927476,829
26.323831,-17.929074,833
26.323919,-17.929735,808
26.324521,-17.930583,747
26.324725,-17.930996,768
26.325103,-17.931647,681
26.32551,-17.932348,639
26.325735,-17.933053,576
26.326236,-17.934428,547
26.326898,-17.935833,611
26.327507,-17.937459,717
26.327701,-17.938173,793
26.327924,-17.939307,798
26.327909,-17.940216,792
26.327442,-17.941269,837
26.327017,-17.941837,841
26.326708,-17.942047,831
26.325751,-17.942499,838
26.325406,-17.942526,842
26.324732,-17.942602,842
26.323893,-17.942702,840
26.323171,-17.942579,831
26.322828,-17.941699,812
26.322548,-17.940255,804
26.322326,-17.939021,808
26.322069,-17.937451,697
26.322306,-17.935641,627
26.321999,-17.934375,558
26.321948,-17.934164,558
26.321729,-17.932772,575
26.321675,-17.932038,627
26.321637,-17.930942,716
26.321589,-17.929836,774
26.32142,-17.928528,819
26.321189,-17.926985,842
26.321055,-17.926115,852
26.320894,-17.92507,858
26.320545,-17.924017,859
26.31949,-17.923151,834
26.318175,-17.922866,837
26.317746,-17.923469,843
26.317842,-17.924017,837
26.317856,-17.925122,827
26.317892,-17.92639,829
26.318029,-17.92726,824
26.318141,-17.928088,805
26.31837,-17.92962,764
26.318432,-17.930368,764
26.318482,-17.931622,639
26.318533,-17.932752,577
26.318731,-17.933971,568
26.319025,-17.935067,624
26.319086,-17.935288,624
26.319255,-17.936462,726
26.319231,-17.938268,812
26.318993,-17.939752,806
26.318635,-17.940672,807
26.318205,-17.941228,814
26.317589,-17.94178,809
26.316336,-17.942227,749
26.315133,-17.942115,649
26.314132,-17.942031,630
26.313665,-17.941513,588
26.31331,-17.940497,604
26.313201,-17.939418,680
26.313247,-17.938434,709
26.313687,-17.937373,661
26.314504,-17.935925,562
26.315095,-17.935444,587
26.316106,-17.934361,537
26.316884,-17.933736,541
26.317492,-17.933002,542
26.317816,-17.932399,585
26.318125,-17.931382,639
26.318265,-17.930527,704
26.318162,-17.929323,813
26.318017,-17.928445,806
26.317854,-17.927275,824
26.317658,-17.926052,817
26.316884,-17.924662,833
26.316128,-17.923431,836
26.315323,-17.923074,837
26.314878,-17.923519,837
26.314676,-17.925256,834
26.31447,-17.927238,813
26.314326,-17.927433,813
26.314273,-17.928959,829
26.314038,-17.92995,799
26.314054,-17.930239,799
26.313739,-17.930852,743
26.313249,-17.932543,693
26.312943,-17.933171,673
26.312136,-17.934017,635
26.311812,-17.934355,635
26.311169,-17.935173,600
26.310194,-17.935913,562
26.309567,-17.93648,546
26.309169,-17.937093,544
26.308556,-17.937535,544
26.3077,-17.938267,577
26.307222,-17.938992,634
26.306195,-17.939591,673
26.305511,-17.939668,673
26.304635,-17.939265,623
26.304483,-17.938688,610
26.304331,-17.93714,648
26.30456,-17.935937,669
26.305242,-17.93487,590
26.305817,-17.93438,545
26.306143,-17.934178,545
26.307014,-17.933809,553
26.308199,-17.933323,680
26.30975,-17.932703,820
26.310767,-17.93203,829
26.311487,-17.931212,816
26.311858,-17.930422,816
26.312268,-17.92955,849
26.312488,-17.92867,851
26.312284,-17.927584,842
26.312238,-17.926586,822
26.31204,-17.925634,812
26.311564,-17.924953,820
26.310793,-17.924656,812
26.310058,-17.924678,806
26.308677,-17.924851,822
26.307817,-17.924962,814
26.307646,-17.924984,814
26.306849,-17.92545,819
26.305798,-17.926481,823
26.305148,-17.927023,812
26.304443,-17.927634,744
26.303811,-17.92783,744
26.302753,-17.928256,587
26.302232,-17.928735,555
26.301542,-17.929244,556
26.300722,-17.929545,546
26.300035,-17.930132,583
26.299797,-17.930435,622
26.298626,-17.930833,681
26.298185,-17.930976,681
26.297543,-17.930344,712
26.296949,-17.928158,683
26.296421,-17.926731,573
26.296288,-17.925661,546
26.296691,-17.925036,544
26.297555,-17.924636,547
26.298082,-17.924294,585
26.299044,-17.924151,612
26.300662,-17.92411,679
26.30186,-17.924174,727
26.303665,-17.923773,748
26.304005,-17.923584,771
26.305021,-17.923014,783
26.305412,-17.922367,756
26.305456,-17.921625,763
26.30541,-17.921155,795
26.305283,-17.920031,826
26.304867,-17.919708,826
26.304305,-17.919582,835
26.303242,-17.919686,837
26.302002,-17.919806,837
26.301104,-17.919877,825
26.299566,-17.919863,783
26.298702,-17.920118,787
26.298079,-17.920434,814
26.297047,-17.920856,777
26.296436,-17.921092,777
26.295831,-17.92148,697
26.295015,-17.92185,652
26.294208,-17.922097,569
26.293859,-17.922566,569
26.292614,-17.923481,567
26.291788,-17.924136,611
26.290737,-17.92486,673
26.290572,-17.92437,636
26.290492,-17.923777,663
26.290364,-17.92346,665
26.2903,-17.922847,635
26.290715,-17.921938,562
26.29147,-17.921216,566
26.291894,-17.921087,566
26.292272,-17.920772,581
26.292751,-17.92046,581
26.293255,-17.919762,655
26.293607,-17.91901,690
26.293702,-17.918902,690
26.293995,-17.91857,731
26.294299,-17.917878,731
26.294483,-17.917088,730
26.294631,-17.916219,798
26.294608,-17.915077,776
26.294269,-17.914638,776
26.293687,-17.914708,785
26.292773,-17.915623,793
26.292147,-17.91633,757
26.291616,-17.917047,740
26.291223,-17.917492,738
26.290954,-17.918029,710
26.290703,-17.918431,710
26.290555,-17.918834,647
26.290467,-17.919407,618
26.290149,-17.920004,567
26.289867,-17.920559,554
26.289057,-17.921925,621
26.288435,-17.922846,692
26.288009,-17.923549,725
26.287563,-17.924271,743
26.287027,-17.925312,823
26.286424,-17.925984,841
26.285624,-17.926426,829
26.284508,-17.926886,875
26.283511,-17.927103,841
26.282586,-17.927009,879
26.282512,-17.926183,881
26.282772,-17.924857,869
26.283638,-17.923754,840
26.284623,-17.922626,738
26.285554,-17.921796,690
26.286441,-17.920782,623
26.287059,-17.920074,576
26.287674,-17.919256,556
26.28809,-17.918547,585
26.288401,-17.917726,623
26.288686,-17.916818,666
26.288838,-17.915707,719
26.289174,-17.914621,756
26.289253,-17.914296,789
26.289252,-17.913236,813
26.289155,-17.912163,843
26.288429,-17.91156,853
26.287325,-17.911736,851
26.28648,-17.912668,793
26.286191,-17.913935,690
26.285991,-17.914985,661
26.286024,-17.916131,643
26.285948,-17.917039,597
26.28544,-17.918215,566
26.285115,-17.919305,559
26.284456,-17.920677,657
26.283926,-17.921891,710
26.282906,-17.923191,810
26.281768,-17.924153,854
26.280745,-17.924744,881
26.280186,-17.92492,868
26.278726,-17.925202,877
26.278058,-17.925271,877
26.278208,-17.92365,765
26.279317,-17.921983,727
26.280172,-17.920465,693
26.28104,-17.919167,575
26.281396,-17.918508,558
26.281659,-17.917858,611
26.282045,-17.916975,683
26.282193,-17.915847,673
26.282388,-17.914238,627
26.282393,-17.912904,666
26.282405,-17.911934,714
26.282238,-17.911401,714
26.281174,-17.910907,725
26.279616,-17.91114,737
26.278028,-17.912129,729
26.277218,-17.913229,747
26.276512,-17.91434,776
26.276519,-17.914708,780
26.27609,-17.915764,725
26.276056,-17.916698,654
26.276179,-17.917492,594
26.276069,-17.918691,582
26.275589,-17.920206,639
26.274717,-17.921895,685
26.274592,-17.922172,716
26.273583,-17.923544,765
26.272248,-17.924454,832
26.270559,-17.924649,864
26.269984,-17.924491,871
26.269741,-17.923554,601
26.269821,-17.921872,758
26.270655,-17.919429,601
26.271375,-17.917736,564
26.272009,-17.916461,618
26.272615,-17.915372,726
26.273143,-17.914376,725
26.273656,-17.913047,675
26.273929,-17.912016,625
26.273913,-17.911386,625
26.273108,-17.911164,601
26.27124,-17.911327,597
26.269915,-17.911538,622
26.26939,-17.912129,594
26.268967,-17.912609,594
26.268764,-17.913103,583
26.268399,-17.914284,628
26.268192,-17.915204,653
26.268075,-17.916024,609
26.268061,-17.916731,560
26.267992,-17.917305,552
26.267873,-17.918276,584
26.267752,-17.918839,626
26.267743,-17.919265,626
