26.144541,-17.91297,725
26.144501,-17.913439,725
26.144412,-17.914019,741
26.144382,-17.914302,741
26.144587,-17.914929,712
26.144614,-17.915371,712
26.144648,-17.9159,723
26.144776,-17.91616,723
26.144934,-17.916501,656
26.145051,-17.917095,592
26.145094,-17.917626,592
26.145289,-17.918171,581
26.145292,-17.918352,581
26.145129,-17.919128,620
26.145154,-17.91963,679
26.145159,-17.920223,679
26.145136,-17.920794,702
26.145198,-17.921317,659
26.145257,-17.921842,659
26.145423,-17.922366,611
26.145525,-17.922636,602
26.145495,-17.923093,623
26.145428,-17.923646,601
26.145332,-17.924024,635
26.145213,-17.924494,635
26.145123,-17.924957,674
26.145062,-17.925324,674
26.14499,-17.925871,671
26.144771,-17.926231,691
26.144498,-17.926229,685
26.144316,-17.926227,685
26.143959,-17.925673,656
26.143828,-17.925395,652
26.143639,-17.92493,637
26.143552,-17.924372,606
26.143321,-17.923821,606
26.142976,-17.923293,648
26.142812,-17.922859,684
26.142412,-17.922258,684
26.142121,-17.921657,760
26.141952,-17.920937,759
26.141978,-17.920751,759
26.142155,-17.920164,728
26.142248,-17.919478,662
26.142303,-17.918889,662
26.142355,-17.918206,615
26.142485,-17.917708,581
26.142585,-17.917309,581
26.142592,-17.916759,589
26.142554,-17.916044,617
26.142511,-17.915515,617
26.142358,-17.914901,673
26.142302,-17.914289,705
26.142263,-17.913399,716
26.142255,-17.912859,752
26.142208,-17.912338,752
26.142195,-17.911801,768
26.142215,-17.911338,768
26.142049,-17.9106,774
26.141992,-17.909945,789
26.141853,-17.909008,773
26.141685,-17.908449,783
26.141295,-17.907904,790
26.140895,-17.907729,809
26.140514,-17.907452,803
26.139858,-17.907165,803
26.139086,-17.907071,798
26.138491,-17.907078,805
26.138088,-17.90736,805
26.137884,-17.907547,810
26.137746,-17.908389,804
26.137717,-17.909132,804
26.137713,-17.909316,804
26.137712,-17.909769,787
26.137705,-17.910317,787
26.137798,-17.910682,761
26.138085,-17.911227,749
26.138377,-17.911951,749
26.138486,-17.912488,732
26.13869,-17.912936,704
26.138983,-17.913388,709
26.139254,-17.913851,705
26.139523,-17.914543,705
26.139782,-17.91506,663
26.140115,-17.915497,603
26.140258,-17.916116,603
26.140456,-17.916662,584
26.140743,-17.917703,582
26.140806,-17.918294,617
26.140867,-17.919185,671
26.140815,-17.919382,671
26.14086,-17.920266,716
26.140865,-17.92074,749
26.14097,-17.9213,757
26.140951,-17.921841,757
26.141124,-17.922291,735
26.141177,-17.922724,735
26.141304,-17.923253,729
26.141312,-17.923698,690
26.141465,-17.924044,655
26.141733,-17.924745,623
26.141728,-17.925105,623
26.141757,-17.925475,628
26.141817,-17.926211,628
26.141741,-17.926668,670
26.14168,-17.927033,670
26.141744,-17.92776,681
26.141621,-17.928305,705
26.141295,-17.928662,704
26.140468,-17.928658,703
26.140126,-17.928389,703
26.139389,-17.928031,704
26.138939,-17.927673,700
26.138482,-17.927404,718
26.138024,-17.927135,717
26.137741,-17.926869,722
26.137633,-17.926516,722
26.13742,-17.926166,753
26.137133,-17.925635,753
26.136969,-17.925187,747
26.136984,-17.924721,747
26.136819,-17.924338,691
26.136775,-17.923858,691
26.136682,-17.923182,634
26.136573,-17.922323,590
26.13645,-17.92158,586
26.136276,-17.92094,586
26.136209,-17.920296,619
26.136092,-17.91985,619
26.135882,-17.919313,628
26.135788,-17.918769,628
26.13581,-17.918308,643
26.135679,-17.91787,643
26.13554,-17.917526,660
26.135519,-17.917083,660
26.13516,-17.916302,741
26.135103,-17.915834,733
26.134949,-17.915273,724
26.134891,-17.914803,724
26.134716,-17.914432,746
26.134348,-17.91388,747
26.133962,-17.913608,722
26.133478,-17.913517,732
26.132882,-17.913526,746
26.132448,-17.913824,773
26.13199,-17.914315,779
26.131719,-17.914897,793
26.131635,-17.91557,803
26.131616,-17.916028,588
26.131617,-17.916654,792
26.131623,-17.917368,773
26.131626,-17.917815,773
26.131699,-17.918679,742
26.131755,-17.919105,678
26.132005,-17.919712,624
26.13213,-17.920242,624
26.132267,-17.920588,606
26.132385,-17.920942,606
26.132478,-17.921396,588
26.132641,-17.921767,588
26.132622,-17.922525,609
26.132578,-17.923106,665
26.132557,-17.923586,665
26.132425,-17.924068,716
26.132385,-17.925012,777
26.132352,-17.925482,836
26.132219,-17.926125,836
26.132182,-17.926483,851
26.132167,-17.927012,851
26.132173,-17.927624,830
26.13201,-17.928146,801
26.131749,-17.928581,801
26.13138,-17.928755,764
26.131001,-17.928755,775
26.130444,-17.928753,771
26.130064,-17.928578,800
26.129767,-17.928228,800
26.129401,-17.927788,805
26.129148,-17.927256,805
26.128875,-17.926727,817
26.128893,-17.926372,817
26.128828,-17.925926,827
26.128761,-17.925567,827
26.128827,-17.924757,816
26.128923,-17.923935,795
26.129086,-17.923087,758
26.129164,-17.922705,720
26.129355,-17.921834,661
26.129511,-17.921237,661
26.129646,-17.92028,587
26.129689,-17.919809,587
26.129679,-17.91936,588
26.129634,-17.918565,627
26.129606,-17.918398,627
26.129522,-17.917896,627
26.129428,-17.917403,715
26.129348,-17.916905,771
26.12936,-17.915913,779
26.129362,-17.915822,779
26.129378,-17.915185,800
26.129387,-17.914822,800
26.129429,-17.914347,802
26.129387,-17.913865,802
26.129232,-17.913481,773
26.129069,-17.91301,773
26.128786,-17.912826,778
26.128573,-17.91302,780
26.128035,-17.913597,784
26.1278,-17.914074,802
26.127697,-17.914438,802
26.127496,-17.914982,784
26.127488,-17.915346,784
26.127385,-17.915709,779
26.127281,-17.916162,779
26.127148,-17.916847,756
26.127174,-17.917012,756
26.127208,-17.917753,682
26.127249,-17.918183,608
26.127305,-17.918699,587
26.127307,-17.919061,587
26.127294,-17.91943,587
26.127249,-17.919904,593
26.127132,-17.920589,635
26.127008,-17.921182,637
26.126884,-17.92177,698
26.126826,-17.922061,756
26.126713,-17.922637,756
26.126635,-17.923109,790
26.126587,-17.92348,790
26.126526,-17.924031,803
26.126411,-17.924302,803
26.126274,-17.924932,812
26.126141,-17.925559,816
26.126016,-17.926095,816
26.125801,-17.926628,815
26.125578,-17.927075,818
26.125113,-17.927161,840
26.124732,-17.927162,840
26.1244,-17.9268,823
26.124067,-17.926437,823
26.123857,-17.9258,779
26.123877,-17.925441,779
26.123736,-17.924896,737
26.123682,-17.924528,733
26.123753,-17.923972,733
26.123746,-17.923405,695
26.123847,-17.92274,676
26.12399,-17.921872,620
26.124094,-17.921104,592
26.124128,-17.920545,592
26.124148,-17.919992,590
26.124169,-17.919528,596
26.124397,-17.918785,596
26.124693,-17.918238,606
26.124692,-17.917875,606
26.124862,-17.917527,643
26.124907,-17.917106,643
26.125119,-17.916611,698
26.125078,-17.916187,762
26.125303,-17.915688,762
26.125385,-17.915248,793
26.125584,-17.914616,782
26.1258,-17.914061,793
26.125837,-17.913585,775
26.125893,-17.912914,775
26.12592,-17.912443,771
26.125634,-17.912259,771
26.125353,-17.912253,768
26.124781,-17.912247,768
26.124191,-17.912615,765
26.123689,-17.912992,758
26.123228,-17.913425,758
26.122765,-17.914222,714
26.122424,-17.914729,706
26.122259,-17.915159,706
26.122018,-17.915847,617
26.122017,-17.91612,617
26.121687,-17.916964,615
26.1216,-17.917476,654
26.121394,-17.91809,716
26.121305,-17.918596,757
26.121264,-17.919069,784
26.121281,-17.919775,744
26.121352,-17.920272,700
26.121433,-17.920678,621
26.12146,-17.921385,598
26.121457,-17.922018,598
26.121418,-17.922577,602
26.121353,-17.923146,643
26.121293,-17.92362,617
26.121287,-17.924286,672
26.121282,-17.924857,737
26.121193,-17.925331,737
26.121133,-17.925704,788
26.121072,-17.926164,788
26.120921,-17.926708,823
26.120791,-17.927068,846
26.120763,-17.927338,846
26.119554,-17.927509,826
26.119486,-17.927152,826
26.119522,-17.92679,813
26.119549,-17.926519,813
26.119513,-17.925972,778
26.119588,-17.925416,778
26.119556,-17.925038,731
26.119663,-17.924374,661
26.119747,-17.923892,671
26.119713,-17.923506,614
26.119748,-17.923221,614
26.119784,-17.922664,593
26.119804,-17.922203,593
26.119794,-17.921847,610
26.119655,-17.92115,666
26.119629,-17.920896,666
26.119438,-17.920325,781
26.119285,-17.920003,781
26.119185,-17.91965,781
26.119087,-17.918939,800
26.11891,-17.918574,796
26.118752,-17.918015,805
26.118704,-17.917621,779
26.118587,-17.917025,705
26.118567,-17.916603,705
26.118359,-17.916173,635
26.11812,-17.915584,635
26.117849,-17.915111,666
26.117551,-17.914664,666
26.117465,-17.91429,695
26.117007,-17.913808,648
26.116649,-17.913228,644
26.115932,-17.912905,685
26.115521,-17.91275,678
26.115116,-17.912771,708
26.114611,-17.912797,729
26.114469,-17.913396,756
26.114341,-17.913795,779
26.114332,-17.914526,779
26.114332,-17.915156,739
26.114286,-17.915926,753
26.114437,-17.916329,813
26.114487,-17.916824,813
26.114665,-17.917283,807
26.11486,-17.917636,807
26.115144,-17.918174,774
26.115436,-17.918616,774
26.115639,-17.918964,742
26.115951,-17.919659,700
26.116058,-17.920009,700
26.116148,-17.920461,728
26.116326,-17.920829,686
26.116411,-17.921195,686
26.116631,-17.921804,693
26.116946,-17.922236,633
26.11727,-17.923026,602
26.117436,-17.92358,602
26.117409,-17.923952,627
26.11753,-17.924522,627
26.117732,-17.925094,676
26.11783,-17.925753,728
26.117963,-17.926127,728
26.117971,-17.926862,770
26.117946,-17.927133,803
26.117994,-17.927586,803
26.118164,-17.928379,808
26.118251,-17.928731,800
26.118248,-17.928907,800
26.118325,-17.929261,800
26.118391,-17.929791,803
26.118369,-17.930231,803
26.118432,-17.930758,816
26.118395,-17.931372,826
26.118457,-17.931896,826
26.118246,-17.932331,852
26.117988,-17.931895,849
26.117633,-17.931284,849
26.117467,-17.930934,832
26.117211,-17.930495,832
26.117152,-17.930142,798
26.117004,-17.929698,818
26.11675,-17.929255,786
26.116512,-17.928719,786
26.116304,-17.927996,765
26.115984,-17.927449,718
26.115494,-17.926623,701
26.115345,-17.926162,655
26.115018,-17.925693,655
26.11479,-17.925129,611
26.114539,-17.924662,599
26.114267,-17.924024,596
26.113962,-17.923495,632
26.113744,-17.923153,637
26.113409,-17.922649,725
26.113075,-17.922149,725
26.112878,-17.921798,778
26.112604,-17.921256,778
26.112317,-17.920812,776
26.112029,-17.920459,789
26.111839,-17.920103,798
26.111657,-17.919739,798
26.111476,-17.919374,776
26.111295,-17.919009,801
26.111012,-17.918738,801
26.110637,-17.918108,801
26.10997,-17.917486,829
26.109675,-17.917766,830
26.109572,-17.918221,816
26.109555,-17.918954,839
26.109544,-17.919322,839
26.109521,-17.920059,842
26.109516,-17.92033,842
26.109888,-17.920956,823
26.110077,-17.921398,821
26.110457,-17.922016,821
26.110654,-17.922364,784
26.110955,-17.922969,730
26.111281,-17.923471,730
26.111606,-17.923889,634
26.111723,-17.924142,634
26.111942,-17.924572,634
26.112232,-17.92493,600
26.112507,-17.925476,604
26.112586,-17.925754,604
26.112744,-17.926129,604
26.112944,-17.926792,652
26.113082,-17.927168,753
26.113185,-17.927818,753
26.113405,-17.928454,803
26.113643,-17.928904,842
26.113791,-17.92935,842
26.113851,-17.929793,860
26.113934,-17.93023,860
26.11393,-17.930666,853
26.113925,-17.931102,853
26.113922,-17.931624,832
26.113921,-17.932059,815
26.113655,-17.932406,802
26.11357,-17.932579,802
26.113133,-17.933014,762
26.112675,-17.933363,742
26.112298,-17.933449,742
26.111735,-17.933447,750
26.111468,-17.933273,750
26.111311,-17.932923,776
26.111055,-17.932484,717
26.110981,-17.932044,717
26.110812,-17.931427,698
26.110711,-17.930988,740
26.110612,-17.930549,740
26.110428,-17.930197,733
26.110243,-17.929757,733
26.110253,-17.929402,754
26.110176,-17.928957,754
26.110137,-17.928496,684
26.11021,-17.927845,611
26.110228,-17.927659,611
26.110247,-17.927293,611
26.110182,-17.926652,601
26.110191,-17.926199,607
26.110196,-17.92548,607
26.11007,-17.924875,644
26.109951,-17.924535,718
26.109932,-17.924194,718
26.109802,-17.923424,761
26.109601,-17.922904,794
26.109498,-17.92247,824
26.109399,-17.921768,836
26.109214,-17.921322,836
26.109032,-17.920784,835
26.108943,-17.920425,835
26.108761,-17.919974,850
26.108385,-17.919793,850
26.108097,-17.919888,850
26.107802,-17.920345,857
26.107606,-17.920796,856
26.107507,-17.921243,848
26.107313,-17.92169,848
26.107216,-17.921957,848
26.107118,-17.922403,839
26.107019,-17.922937,824
26.106929,-17.923636,824
26.106928,-17.923813,807
26.106835,-17.924253,807
26.106758,-17.924587,752
26.106775,-17.925011,752
26.106701,-17.925435,660
26.106718,-17.925863,660
26.106637,-17.926297,613
26.106548,-17.926737,613
26.106444,-17.927369,613
26.106335,-17.92827,608
26.106224,-17.928814,641
26.106106,-17.92927,641
26.106082,-17.929724,702
26.105771,-17.930088,702
26.105723,-17.930895,759
26.105512,-17.93125,822
26.105494,-17.931602,822
26.105189,-17.932213,859
26.105186,-17.932387,859
26.105088,-17.932734,859
26.104895,-17.933425,869
26.10461,-17.934029,850
26.104419,-17.934459,850
26.104137,-17.934888,856
26.103765,-17.93523,851
26.103308,-17.93523,851
26.102945,-17.934973,844
26.102857,-17.934629,844
26.102769,-17.934284,839
26.102773,-17.933853,839
26.102778,-17.933334,842
26.102783,-17.932815,837
26.10279,-17.932207,837
26.102796,-17.931685,836
26.102799,-17.931423,836
26.102806,-17.930899,841
26.102817,-17.930283,818
26.102826,-17.92984,818
26.102836,-17.929483,764
26.102842,-17.929302,764
26.102867,-17.928575,710
26.102886,-17.928024,710
26.103194,-17.927286,648
26.103301,-17.926825,616
26.103499,-17.926368,616
26.103697,-17.925823,606
26.103796,-17.925551,606
26.103893,-17.925102,616
26.104076,-17.924402,656
26.104249,-17.923985,656
26.104324,-17.923487,762
26.104411,-17.923324,762
26.104402,-17.922899,762
26.104489,-17.922473,832
26.104582,-17.922036,854
26.104675,-17.921423,847
26.104679,-17.920887,863
26.104683,-17.920351,865
26.104401,-17.92026,866
26.103931,-17.92008,866
26.10346,-17.920079,865
26.102895,-17.920163,865
26.102706,-17.920429,854
26.10261,-17.920696,854
26.102516,-17.921311,836
26.10224,-17.921811,836
26.102242,-17.922245,786
26.102056,-17.922585,738
26.101969,-17.923178,632
26.10179,-17.923939,636
26.101694,-17.924651,611
26.101597,-17.925367,611
26.101594,-17.92591,600
26.10159,-17.926455,609
26.101491,-17.926908,609
26.101485,-17.927365,630
26.101384,-17.92782,630
26.101377,-17.928189,672
26.101277,-17.928552,632
26.10127,-17.928917,679
26.101076,-17.929366,679
26.10107,-17.929727,730
26.10097,-17.930173,730
26.100966,-17.930529,768
26.100778,-17.930792,768
26.100405,-17.930965,717
26.100222,-17.930608,717
26.100039,-17.930159,687
26.099948,-17.929797,687
26.099669,-17.929341,613
26.099576,-17.929068,613
26.099293,-17.928526,611
26.099104,-17.928169,611
26.098915,-17.92782,652
26.098727,-17.927478,705
26.098259,-17.926973,778
26.098073,-17.926543,778
26.0977,-17.926289,818
26.097419,-17.926021,809
26.096949,-17.925663,817
26.096479,-17.925482,817
26.096011,-17.925395,791
26.09545,-17.925398,791
26.095356,-17.925399,806
26.094792,-17.925219,806
26.094232,-17.925222,826
26.094049,-17.925495,833
26.094052,-17.925939,833
26.094051,-17.926291,825
26.094333,-17.926734,825
26.094705,-17.927084,798
26.094978,-17.927604,798
26.095256,-17.928042,741
26.095437,-17.928388,741
26.095714,-17.928648,757
26.095896,-17.928995,691
26.096173,-17.929343,691
26.096543,-17.92969,614
26.096823,-17.930132,614
26.097108,-17.93049,620
26.097393,-17.93076,620
26.097869,-17.931121,620
26.098153,-17.93148,691
26.098436,-17.931924,691
26.098717,-17.932278,723
26.098997,-17.932631,761
26.099182,-17.932806,761
26.099552,-17.933155,789
26.099828,-17.933416,829
26.100103,-17.933762,816
26.100378,-17.934109,816
26.100468,-17.934368,816
26.100374,-17.934713,825
26.099821,-17.934713,825
26.099639,-17.934456,775
26.099271,-17.934111,775
26.098993,-17.933765,775
26.098528,-17.933504,748
26.098154,-17.933067,748
26.097872,-17.932803,679
26.097494,-17.93245,679
26.09702,-17.931917,629
26.096638,-17.931648,629
26.096448,-17.931469,629
26.096066,-17.930933,620
26.095696,-17.930404,620
26.09551,-17.930228,653
26.095139,-17.929788,678
26.094666,-17.929343,689
26.094291,-17.928989,680
26.093732,-17.928549,721
26.093182,-17.928206,721
26.09282,-17.92795,753
26.092368,-17.92761,815
26.091996,-17.927346,814
26.091529,-17.927258,814
26.091063,-17.927082,818
26.090596,-17.927081,818
26.090408,-17.927344,827
26.090408,-17.927608,827
26.090411,-17.928049,787
26.090485,-17.928478,787
26.090744,-17.928732,714
26.091015,-17.929081,714
26.091485,-17.929435,706
26.09186,-17.929612,724
26.092245,-17.930059,718
26.092813,-17.930415,747
26.093191,-17.930769,748
26.093655,-17.931032,748
26.094108,-17.93147,656
26.094473,-17.931822,656
26.094657,-17.93191,621
26.095125,-17.932353,604
26.095505,-17.93262,620
26.095888,-17.933064,634
26.096268,-17.93324,634
26.096648,-17.933505,663
26.097027,-17.933856,655
26.097404,-17.934117,690
26.097968,-17.934463,690
26.098341,-17.934806,763
26.098712,-17.935062,763
26.099173,-17.935402,848
26.09954,-17.935654,848
26.099721,-17.935906,870
26.100086,-17.936161,870
26.100357,-17.936498,892
26.100355,-17.936839,892
26.100172,-17.937009,892
26.099807,-17.937008,892
26.099259,-17.937008,885
26.098893,-17.937008,885
26.098527,-17.936926,862
26.098068,-17.936763,862
26.09742,-17.936432,821
26.096955,-17.93618,761
26.096581,-17.935927,761
26.096298,-17.935672,761
26.095917,-17.935419,742
26.095532,-17.935078,660
26.095233,-17.93456,608
26.09504,-17.934209,608
26.094753,-17.933768,608
26.094467,-17.933326,607
26.094277,-17.932883,607
26.093995,-17.932528,612
26.093629,-17.932174,636
26.093264,-17.93191,694
26.092806,-17.931646,696
26.092249,-17.931469,696
26.091973,-17.931294,693
26.091515,-17.931031,752
26.091142,-17.930767,763
26.090952,-17.930414,763
26.090662,-17.930058,736
26.090465,-17.929703,747
26.090369,-17.929437,726
26.089184,-17.929529,770
26.088851,-17.929449,813
26.088538,-17.929328,813
26.088077,-17.929266,813
26.087773,-17.929265,810
26.08755,-17.929115,810
26.086345,-17.928661,821
26.086106,-17.928897,817
26.086024,-17.929053,817
26.085854,-17.929449,817
26.085686,-17.929908,822
26.085681,-17.93027,822
26.085761,-17.930535,781
26.086072,-17.930653,781
26.086464,-17.930901,778
26.086773,-17.930958,778
26.087235,-17.931014,770
26.087543,-17.931075,770
26.088089,-17.931256,709
26.088553,-17.931314,709
26.088863,-17.931374,709
26.089256,-17.93156,703
26.089653,-17.931812,703
26.089966,-17.931938,699
26.090283,-17.932129,652
26.090444,-17.932256,652
26.09068,-17.932385,650
26.09107,-17.932725,650
26.091375,-17.933149,628
26.091675,-17.933369,628
26.091899,-17.933589,628
26.091967,-17.933813,613
26.092171,-17.9342,615
26.092348,-17.934623,664
26.092575,-17.935009,664
26.092827,-17.935286,664
26.092999,-17.935564,718
26.0931,-17.935835,718
26.093327,-17.936202,718
26.093549,-17.93657,783
26.093732,-17.936891,783
26.094087,-17.937538,818
26.094337,-17.937995,800
26.094671,-17.938303,836
26.094938,-17.938535,836
26.095135,-17.938761,812
26.095404,-17.938921,812
26.095741,-17.939017,852
26.096157,-17.93904,852
26.096631,-17.939411,864
26.097033,-17.939779,841
26.09745,-17.940065,863
26.09766,-17.940272,863
26.097646,-17.940684,846
26.097627,-17.941033,846
26.097801,-17.941667,838
26.097595,-17.941592,838
26.097318,-17.941514,838
26.097182,-17.94144,838
26.096539,-17.941428,831
26.095799,-17.941436,841
26.095517,-17.941295,841
26.095101,-17.941075,833
26.094475,-17.940779,837
26.09374,-17.940377,797
26.093218,-17.940109,797
26.092512,-17.939931,741
26.092255,-17.939888,741
26.091927,-17.939704,683
26.091731,-17.939468,699
26.091398,-17.939079,699
26.091126,-17.938703,656
26.090726,-17.938159,676
26.090533,-17.937703,690
26.090265,-17.937519,632
26.089873,-17.937016,636
26.089811,-17.936858,636
26.08954,-17.936462,612
26.089061,-17.93561,616
26.088692,-17.935311,618
26.088258,-17.93478,618
26.0879,-17.934243,610
26.087457,-17.933652,623
26.086914,-17.932965,639
26.086598,-17.932639,676
26.086433,-17.932458,676
26.086273,-17.932336,676
26.085955,-17.93209,691
26.085639,-17.93191,733
26.085242,-17.931538,756
26.084924,-17.931302,756
26.084611,-17.931124,817
26.084225,-17.930869,817
26.083922,-17.9308,817
26.083467,-17.930805,810
26.083084,-17.93082,810
26.082929,-17.93104,821
26.082926,-17.931188,821
26.082837,-17.931718,833
26.082831,-17.932016,833
26.082833,-17.932555,818
26.082998,-17.932783,774
26.08316,-17.933021,716
26.083322,-17.933195,716
26.083407,-17.933442,716
26.083811,-17.933785,633
26.084123,-17.934182,633
26.084198,-17.934252,633
26.084346,-17.934474,633
26.084607,-17.935003,659
26.084921,-17.935576,733
26.085232,-17.936207,733
26.08552,-17.936505,746
26.085824,-17.936837,746
26.08605,-17.937242,742
26.086288,-17.937489,676
26.086609,-17.937863,676
26.086852,-17.938106,660
26.087166,-17.93829,622
26.087467,-17.938634,622
26.087765,-17.938915,624
26.087988,-17.939057,624
26.088442,-17.939123,612
26.088815,-17.939198,612
26.089186,-17.939275,615
26.0897,-17.939431,626
26.089985,-17.93952,626
26.090338,-17.939685,620
26.090621,-17.939775,638
26.090831,-17.939862,638
26.09131,-17.940119,638
26.091573,-17.940295,683
26.092032,-17.940567,671
26.092285,-17.940749,735
26.0926,-17.94094,735
26.092853,-17.94105,735
26.093043,-17.941147,797
26.093364,-17.941258,783
26.093679,-17.941307,783
26.093931,-17.94141,850
26.094198,-17.9415,850
26.094616,-17.941517,850
26.094981,-17.941516,851
26.095349,-17.941514,851
26.095637,-17.941583,841
26.096,-17.941651,841
26.096354,-17.941792,831
26.0967,-17.94194,831
26.096972,-17.942087,848
26.097315,-17.942236,842
26.0978,-17.942519,842
26.097945,-17.942519,842
26.098423,-17.942805,846
26.098758,-17.943022,853
26.099179,-17.943362,852
26.099015,-17.943573,852
26.098634,-17.943717,861
26.098257,-17.943792,861
26.097811,-17.943866,857
26.097245,-17.943859,857
26.097105,-17.943856,857
26.096753,-17.943849,846
26.096183,-17.943843,845
26.095679,-17.943842,845
26.095319,-17.94384,841
26.094901,-17.943763,841
26.094487,-17.943615,844
26.093874,-17.943584,844
26.093494,-17.943473,799
26.093178,-17.943367,799
26.092819,-17.943232,710
26.092328,-17.943081,710
26.091882,-17.942948,643
26.09168,-17.942929,643
26.091074,-17.942734,623
26.090714,-17.942655,623
26.090284,-17.942569,620
26.089757,-17.942575,620
26.089374,-17.942519,634
26.088816,-17.942495,702
26.088324,-17.942485,702
26.088157,-17.942508,702
26.087837,-17.942472,746
26.08745,-17.942497,746
26.086998,-17.942446,760
26.086559,-17.942444,760
26.085978,-17.942436,741
26.085474,-17.942419,741
26.085045,-17.9424,730
26.084739,-17.942488,730
26.084413,-17.942745,768
26.084239,-17.943061,789
26.084136,-17.94351,789
26.08412,-17.943802,802
26.084109,-17.944087,802
26.084179,-17.944156,802
26.084683,-17.944294,795
26.084829,-17.944292,795
26.085181,-17.944374,795
26.08552,-17.944537,824
26.085942,-17.944553,824
26.086222,-17.944629,830
26.086726,-17.944696,836
26.087173,-17.944746,807
26.087562,-17.944782,807
26.08805,-17.944792,807
26.088547,-17.944796,737
26.089115,-17.944808,678
26.089446,-17.944772,678
26.08992,-17.944743,629
26.0906,-17.944797,617
26.091115,-17.944867,617
26.091391,-17.944883,634
26.091742,-17.944898,634
26.092339,-17.94495,686
26.092475,-17.944958,686
26.09306,-17.945015,733
26.093454,-17.945047,733
26.093716,-17.945069,733
26.094106,-17.945101,780
26.094625,-17.945144,780
26.095025,-17.945166,829
26.095357,-17.945185,829
26.095848,-17.945195,843
26.096133,-17.945197,843
26.096657,-17.945186,839
26.097015,-17.945122,839
26.0973,-17.945059,835
26.09788,-17.944992,835
26.098028,-17.94499,835
26.098562,-17.944908,827
26.099032,-17.944821,785
26.099353,-17.944738,785
26.10009,-17.944693,752
26.100486,-17.944543,797
26.100969,-17.944452,766
26.101602,-17.944293,734
26.10238,-17.944203,716
26.102602,-17.944202,716
26.103083,-17.944018,727
26.103485,-17.943903,727
26.103808,-17.94379,740
26.104142,-17.94374,740
26.10448,-17.94362,811
26.104903,-17.943627,813
26.105041,-17.943631,813
26.105457,-17.943574,818
26.105977,-17.94357,818
26.106345,-17.943569,799
26.1068,-17.943561,799
26.107302,-17.943565,689
26.107585,-17.943569,799
26.107727,-17.943571,799
26.108083,-17.943641,810
26.108608,-17.943902,774
26.109102,-17.944146,761
26.10954,-17.944317,761
26.11014,-17.944686,682
26.110519,-17.944883,682
26.111173,-17.945289,682
26.111425,-17.945505,689
26.111496,-17.945799,689
26.111443,-17.946085,689
26.111363,-17.946154,689
26.110993,-17.946288,704
26.110778,-17.946354,704
26.110447,-17.946409,673
26.109958,-17.946468,673
26.109413,-17.946453,667
26.109055,-17.94645,667
26.108703,-17.946445,659
26.108205,-17.946439,659
26.107801,-17.946426,641
26.107224,-17.946421,641
26.106727,-17.946414,632
26.106085,-17.946407,628
26.105445,-17.946398,629
26.105228,-17.946396,629
26.104788,-17.946395,629
26.103916,-17.94639,628
26.103405,-17.946388,629
26.102968,-17.946386,625
26.102378,-17.946386,625
26.102154,-17.946387,631
26.10147,-17.946397,631
26.100855,-17.946409,638
26.100463,-17.94642,648
26.100082,-17.946426,648
26.099623,-17.946435,664
26.09915,-17.946385,664
26.098761,-17.94633,677
26.098306,-17.946338,677
26.097768,-17.946285,677
26.097468,-17.94629,677
26.097106,-17.946289,677
26.096592,-17.946291,672
26.096105,-17.946319,729
26.095454,-17.946318,729
26.095041,-17.946238,701
26.094444,-17.946202,727
26.093986,-17.946168,727
26.093389,-17.946128,673
26.093122,-17.94611,673
26.092777,-17.946094,634
26.092354,-17.946081,634
26.091921,-17.946076,625
26.091556,-17.946073,625
26.091259,-17.946075,623
26.090727,-17.946088,623
26.090236,-17.946263,695
26.089782,-17.946601,695
26.089576,-17.946915,744
26.089626,-17.947131,794
26.089864,-17.947182,731
26.090579,-17.94727,687
26.09105,-17.94738,687
26.091906,-17.947479,631
26.092137,-17.947472,631
26.09279,-17.94761,622
26.093369,-17.947615,624
26.093875,-17.947619,630
26.094371,-17.947695,630
26.094802,-17.9477,639
26.095232,-17.947772,639
26.095522,-17.947773,640
26.096323,-17.947842,638
26.097055,-17.947842,638
26.097272,-17.947844,637
26.097703,-17.947848,637
26.098212,-17.94785,635
26.098729,-17.947848,635
26.099367,-17.947857,625
26.100061,-17.947939,668
26.100474,-17.948017,668
26.10122,-17.948106,680
26.102048,-17.948124,692
26.103322,-17.948203,704
26.104152,-17.94826,680
26.105022,-17.94828,637
26.105685,-17.948346,627
26.106408,-17.948483,628
26.106686,-17.948488,628
26.107344,-17.948644,651
26.10785,-17.948733,654
26.108352,-17.948823,677
26.108884,-17.948969,691
26.109147,-17.949043,691
26.109593,-17.949125,691
26.109912,-17.949137,722
26.110356,-17.949219,722
26.110798,-17.949367,754
26.11105,-17.949376,754
26.111438,-17.949518,782
26.111895,-17.94966,739
26.112097,-17.949926,739
26.112298,-17.950192,756
26.112308,-17.950518,724
26.112119,-17.950709,702
26.111862,-17.950768,702
26.111734,-17.95083,702
26.111199,-17.950887,686
26.110861,-17.950883,686
26.110303,-17.950878,684
26.109745,-17.950873,684
26.109257,-17.950869,675
26.108856,-17.950862,661
26.108382,-17.950855,661
26.10757,-17.950841,647
26.107367,-17.950838,647
26.106787,-17.950622,634
26.106184,-17.95041,633
26.105492,-17.950268,630
26.104973,-17.950137,637
26.104659,-17.950143,637
26.104038,-17.950041,683
26.103504,-17.950069,725
26.102751,-17.950033,767
26.102186,-17.949986,767
26.101647,-17.949932,793
26.101196,-17.949938,802
26.100852,-17.949868,802
26.100368,-17.949863,791
26.099968,-17.949853,791
26.099368,-17.949837,768
26.099096,-17.949832,768
26.098753,-17.949826,758
26.098477,-17.949822,758
26.097917,-17.949817,753
26.09737,-17.949806,753
26.097195,-17.949949,753
26.097521,-17.950027,753
26.097997,-17.950257,753
26.098512,-17.950407,830
26.099088,-17.950623,819
26.099755,-17.950766,824
26.100589,-17.950966,810
26.101064,-17.951083,810
26.101568,-17.951193,770
26.102085,-17.951236,749
26.102526,-17.951281,697
26.102873,-17.951333,697
26.103552,-17.951441,651
26.104551,-17.951626,630
26.105316,-17.951766,629
26.106161,-17.951984,636
26.106993,-17.952281,687
26.107802,-17.952642,716
26.10826,-17.952856,733
26.108962,-17.953074,798
26.109619,-17.953212,798
26.1101,-17.953408,793
26.110813,-17.953464,751
26.111129,-17.953525,751
26.111555,-17.95372,756
26.11201,-17.953782,756
26.112392,-17.954047,736
26.112477,-17.954247,736
26.112171,-17.954249,736
26.111707,-17.954252,756
26.111385,-17.954256,756
26.110744,-17.954263,780
26.110034,-17.95427,809
26.109455,-17.954271,816
26.108719,-17.954265,796
26.108278,-17.954259,796
26.107907,-17.954252,767
26.107499,-17.954112,767
26.106975,-17.953968,733
26.106738,-17.953896,733
26.106191,-17.953818,700
26.105715,-17.953674,673
26.10541,-17.9536,645
26.10481,-17.953385,645
26.104353,-17.953312,631
26.103946,-17.953241,631
26.103228,-17.953174,627
26.102527,-17.952986,640
26.102125,-17.952993,684
26.101322,-17.952893,738
26.100363,-17.952733,820
26.09955,-17.952563,861
26.09902,-17.952442,861
26.098296,-17.952318,867
26.097465,-17.952186,871
26.097052,-17.95212,872
26.096432,-17.952052,872
26.096158,-17.952049,862
26.095621,-17.952042,855
26.09527,-17.952234,849
26.095321,-17.952368,849
26.095692,-17.952638,653
26.096439,-17.952773,872
26.096697,-17.952971,872
26.097587,-17.953232,866
26.098678,-17.95348,859
26.100029,-17.95384,765
26.100712,-17.953951,719
26.101324,-17.954129,719
26.101834,-17.954248,668
26.102863,-17.954573,634
26.103323,-17.954709,653
26.104105,-17.954987,680
26.10485,-17.95533,711
26.105664,-17.955604,770
26.106144,-17.95574,770
26.106999,-17.955942,788
26.107971,-17.956208,797
26.108397,-17.956339,843
26.109065,-17.956598,853
26.109854,-17.956791,857
26.110124,-17.956855,857
26.110575,-17.95711,846
26.111055,-17.957237,846
26.111296,-17.957554,846
26.110724,-17.957616,846
26.1103,-17.957615,854
26.109807,-17.957614,854
26.109528,-17.957614,857
26.108844,-17.957612,850
26.108075,-17.95742,850
26.107252,-17.957227,844
26.106161,-17.956903,801
26.105509,-17.956769,801
26.104858,-17.956571,764
26.104435,-17.956503,727
26.103951,-17.956433,727
26.102934,-17.956097,651
26.102073,-17.955891,635
26.10155,-17.95569,635
26.100249,-17.955444,686
26.099587,-17.955324,780
26.098511,-17.955148,822
26.097271,-17.954907,856
26.096559,-17.954781,868
26.095871,-17.954589,870
26.095451,-17.954588,870
26.095032,-17.954588,877
26.094403,-17.954651,879
26.094113,-17.954843,879
26.093884,-17.955163,879
26.093798,-17.955419,875
26.093779,-17.955738,875
26.093771,-17.955865,875
26.09389,-17.956183,875
26.094554,-17.956624,856
26.095679,-17.95719,724
26.098083,-17.957898,630
26.099786,-17.958353,644
26.100978,-17.958801,710
26.101532,-17.959052,743
26.102764,-17.959484,795
26.104097,-17.959921,828
26.104678,-17.960108,838
26.105491,-17.960355,845
26.107584,-17.960853,853
26.108196,-17.960979,843
26.109271,-17.961168,840
26.109792,-17.961354,839
26.110648,-17.961603,834
26.11132,-17.96179,834
26.111935,-17.961917,829
26.112052,-17.962102,834
26.111755,-17.96216,834
26.111251,-17.962218,841
26.110965,-17.962277,841
26.110205,-17.962273,845
26.109468,-17.962272,842
26.109132,-17.962271,842
26.10834,-17.962272,835
26.107036,-17.962265,844
26.105918,-17.962257,851
26.105366,-17.962254,857
26.104196,-17.962071,853
26.103171,-17.961775,815
26.102478,-17.961594,808
26.101512,-17.961348,796
26.100571,-17.961106,804
26.10028,-17.960986,771
26.099382,-17.960747,742
26.099013,-17.960624,742
26.09816,-17.96038,697
26.097476,-17.960196,680
26.097031,-17.960135,645
26.096262,-17.959883,629
26.09549,-17.959752,629
26.095042,-17.95962,648
26.094277,-17.959357,706
26.093591,-17.95916,741
26.09328,-17.959093,741
26.09267,-17.958898,765
26.091474,-17.958638,848
26.090839,-17.958573,858
26.090564,-17.958446,858
26.090149,-17.958382,861
26.089408,-17.958255,855
26.089208,-17.958192,855
26.088947,-17.958065,855
26.088891,-17.957876,855
26.088706,-17.960843,849
26.088763,-17.961366,843
26.089245,-17.96163,847
26.089765,-17.961751,852
26.090482,-17.962149,851
26.091282,-17.96218,833
26.091976,-17.962198,795
26.092689,-17.962328,737
26.093558,-17.962446,693
26.094363,-17.962604,646
26.095032,-17.96272,634
26.095679,-17.963042,640
26.096438,-17.963371,681
26.09722,-17.963567,730
26.097654,-17.963735,709
26.098181,-17.964042,738
26.098754,-17.964204,738
26.099537,-17.964392,761
26.100054,-17.964698,764
26.100373,-17.964735,764
26.100888,-17.96504,807
26.101495,-17.965598,833
26.101831,-17.965861,833
26.10216,-17.966244,820
26.102549,-17.967131,831
26.102664,-17.968139,820
26.102669,-17.969017,811
26.102878,-17.969627,799
26.1031,-17.970112,801
26.103102,-17.970817,762
26.102802,-17.971068,760
26.101973,-17.97109,773
26.101275,-17.971112,803
26.100707,-17.971133,803
26.100028,-17.971148,815
26.099553,-17.97113,797
26.098553,-17.970827,766
26.097407,-17.970177,711
26.096746,-17.96971,686
26.096231,-17.969529,641
26.095716,-17.969108,641
26.09502,-17.96871,635
26.094062,-17.968071,638
26.092905,-17.967717,735
26.092586,-17.967628,735
26.091799,-17.96758,764
26.091078,-17.967498,783
26.090727,-17.967123,783
26.089844,-17.966754,769
26.088916,-17.966599,808
26.088111,-17.966378,838
26.087731,-17.966255,853
26.086923,-17.966036,867
26.086271,-17.96592,864
26.085725,-17.966173,864
26.085639,-17.966812,866
26.085813,-17.967566,866
26.086218,-17.968215,858
26.086836,-17.968582,859
26.087901,-17.969218,860
26.088551,-17.969684,847
26.089898,-17.970413,746
26.091016,-17.970899,707
26.091663,-17.970957,672
26.092694,-17.971374,637
26.093293,-17.971753,635
26.093748,-17.972137,633
26.094148,-17.972543,648
26.094423,-17.972946,650
26.094848,-17.973221,671
26.095416,-17.973842,658
26.095896,-17.974093,657
26.096371,-17.974344,660
26.096713,-17.974882,681
26.097183,-17.975418,712
26.097566,-17.976215,712
26.097819,-17.976612,734
26.098268,-17.977378,767
26.098529,-17.977768,767
26.099219,-17.978373,746
26.099799,-17.978897,782
26.100196,-17.979279,782
26.100409,-17.979638,780
26.10061,-17.980116,777
26.100685,-17.980593,766
26.100525,-17.981216,766
26.099971,-17.981307,754
26.099273,-17.981289,737
26.098917,-17.981281,737
26.097848,-17.981258,741
26.097078,-17.980875,694
26.096686,-17.980608,694
26.096004,-17.98035,638
26.09531,-17.979979,689
26.094848,-17.979847,689
26.094231,-17.979216,683
26.093814,-17.978951,683
26.093526,-17.978567,650
26.092914,-17.978044,640
26.092509,-17.977654,642
26.092032,-17.977406,640
26.091225,-17.976784,638
26.090915,-17.976286,638
26.089914,-17.975687,651
26.089572,-17.975317,659
26.089103,-17.974827,659
26.088692,-17.97472,663
26.087996,-17.974274,715
26.087401,-17.973842,715
26.086777,-17.973658,778
26.08599,-17.972965,817
26.085399,-17.972473,788
26.08402,-17.971754,812
26.083343,-17.971538,829
26.082827,-17.971306,847
26.081942,-17.970948,843
26.081325,-17.970817,844
26.081001,-17.971205,844
26.080926,-17.971712,858
26.081111,-17.972333,854
26.081695,-17.973294,831
26.082071,-17.973879,807
26.082919,-17.974772,767
26.083906,-17.975664,706
26.084416,-17.976306,734
26.084721,-17.976573,730
26.08516,-17.977356,777
26.08522,-17.977616,777
26.08559,-17.978252,766
26.085983,-17.979107,779
26.086766,-17.980139,737
26.087207,-17.98058,696
26.08764,-17.980909,696
26.088072,-17.98124,649
26.088776,-17.981955,649
26.089227,-17.982553,642
26.089499,-17.98305,650
26.089973,-17.983677,651
26.090383,-17.984051,673
26.090814,-17.984418,677
26.091426,-17.984769,660
26.091924,-17.985002,660
26.092347,-17.98537,661
26.092634,-17.985738,677
26.092898,-17.986226,682
26.093046,-17.98671,691
26.092978,-17.987184,677
26.092906,-17.987658,677
26.092467,-17.988014,693
26.092315,-17.988134,693
26.091336,-17.988497,696
26.090631,-17.988742,708
26.090236,-17.988746,728
26.089529,-17.988763,752
26.088419,-17.988759,758
26.087097,-17.988745,730
26.085894,-17.988732,714
26.084928,-17.988381,721
26.084465,-17.98803,754
26.083962,-17.987916,754
26.083146,-17.98733,737
26.082793,-17.986982,755
26.082472,-17.986396,755
26.082136,-17.985775,729
26.08186,-17.985287,713
26.081901,-17.984431,715
26.082065,-17.983802,715
26.082192,-17.982909,650
26.08228,-17.981953,676
26.082136,-17.981197,737
26.081913,-17.980542,737
26.081729,-17.980104,807
26.081585,-17.979536,822
26.081493,-17.979062,822
26.08155,-17.978292,801
26.081455,-17.977645,769
26.081193,-17.976896,784
26.080839,-17.975956,819
26.080303,-17.975157,847
26.079983,-17.974662,847
26.079783,-17.974169,830
26.079478,-17.973432,842
26.079158,-17.972933,842
26.078599,-17.972307,844
26.078065,-17.97143,844
26.077762,-17.970799,840
26.077058,-17.970057,844
26.076542,-17.969941,844
26.076278,-17.969946,844
26.076092,-17.970448,848
26.075594,-17.971684,843
26.075374,-17.972786,841
26.07532,-17.973399,835
26.075283,-17.974001,816
26.075184,-17.975216,799
26.075158,-17.976274,775
26.075167,-17.976966,775
26.075198,-17.977299,725
26.075261,-17.977965,670
26.075303,-17.97841,670
26.075266,-17.979125,648
26.075208,-17.979849,654
26.075148,-17.980108,654
26.074915,-17.981136,691
26.074815,-17.98164,725
26.074706,-17.982492,719
26.074673,-17.98285,719
26.074449,-17.983971,725
26.074291,-17.984602,759
26.074194,-17.985208,759
26.074025,-17.985951,775
26.073958,-17.986656,776
26.073871,-17.987251,779
26.073811,-17.987724,779
26.073592,-17.988545,778
26.073027,-17.98913,780
26.072383,-17.989249,780
26.072006,-17.98925,783
26.071416,-17.988901,783
26.070952,-17.988551,798
26.070728,-17.988204,798
26.070748,-17.987972,798
26.070686,-17.987045,814
26.070669,-17.986101,813
26.070743,-17.985505,813
26.070919,-17.984641,805
26.071159,-17.983631,740
26.071242,-17.983023,740
26.071401,-17.982036,731
26.071504,-17.981645,731
26.071641,-17.981122,677
26.071837,-17.980336,647
26.071936,-17.979825,647
26.072001,-17.978746,652
26.071973,-17.978179,687
26.071938,-17.977384,714
26.071761,-17.976597,760
26.071752,-17.97637,760
26.071564,-17.975708,809
26.071429,-17.974901,840
26.071487,-17.973824,854
26.071437,-17.972732,857
26.071362,-17.972234,857
26.071291,-17.971617,880
26.071189,-17.971134,888
26.071012,-17.970266,890
26.070844,-17.969505,886
26.070429,-17.968735,887
26.069804,-17.968722,887
26.069032,-17.969867,887
26.068709,-17.970498,882
26.06837,-17.971487,882
26.068198,-17.971982,882
26.067979,-17.972973,870
26.067895,-17.973955,866
26.067829,-17.974692,869
26.067783,-17.97553,847
26.067762,-17.976005,847
26.067746,-17.976823,833
26.067733,-17.977524,812
26.06781,-17.978406,758
26.068045,-17.97939,698
26.068072,-17.979957,652
26.06798,-17.980931,643
26.067896,-17.981666,642
26.067801,-17.982289,661
26.067633,-17.983288,700
26.067562,-17.98355,700
26.067352,-17.984329,740
26.067156,-17.985211,792
26.066951,-17.986316,810
26.066857,-17.987032,810
26.066785,-17.987737,814
26.066721,-17.988437,819
26.066532,-17.989136,816
26.066494,-17.989487,816
26.066166,-17.990187,813
26.065825,-17.990777,833
26.065378,-17.99136,846
26.064885,-17.991472,846
26.064396,-17.99147,837
26.064047,-17.99124,837
26.063854,-17.990774,826
26.063589,-17.990066,810
26.063676,-17.989586,810
26.063802,-17.988865,765
26.063929,-17.988139,745
26.064027,-17.987534,740
26.064115,-17.986818,740
26.064239,-17.985969,732
26.064346,-17.985238,725
26.064517,-17.984129,699
26.064669,-17.983253,841
26.06476,-17.982632,664
26.064829,-17.98202,648
26.064951,-17.980916,646
26.065014,-17.979954,656
26.064869,-17.979152,692
26.064643,-17.978283,747
26.064464,-17.977158,799
26.064473,-17.976691,831
26.064525,-17.975617,840
26.064456,-17.974768,841
26.064489,-17.974166,859
26.064415,-17.973434,855
26.064392,-17.972081,865
26.064174,-17.971588,862
26.064022,-17.97046,873
26.063807,-17.969961,879
26.063219,-17.969334,880
26.062709,-17.969331,880
26.062297,-17.969704,880
26.061855,-17.970452,878
26.061661,-17.971089,878
26.061438,-17.971978,880
26.061223,-17.972976,884
26.061152,-17.97384,882
26.061084,-17.974931,879
26.061077,-17.975283,879
26.061069,-17.975866,855
26.06106,-17.976796,821
26.06107,-17.977367,802
26.061081,-17.977938,742
26.061146,-17.978706,685
26.061315,-17.97926,685
26.061467,-17.979708,656
26.061438,-17.980305,656
26.061412,-17.9809,649
26.061313,-17.981767,665
26.061114,-17.982682,689
26.060914,-17.983591,727
26.060747,-17.984361,783
26.060637,-17.984985,795
26.060302,-17.98548,826
26.060012,-17.98584,826
26.059446,-17.986664,823
26.059155,-17.987022,823
26.058844,-17.987502,848
26.058414,-17.987866,845
26.057889,-17.988104,848
26.057774,-17.987987,848
26.057499,-17.986927,848
26.057579,-17.986211,831
26.057647,-17.985611,831
26.057674,-17.98537,817
26.057758,-17.984531,825
26.057835,-17.983921,825
26.057992,-17.983149,795
26.058084,-17.982752,739
26.058272,-17.981952,697
26.058354,-17.981557,697
26.058514,-17.980533,655
26.058535,-17.980288,650
26.058549,-17.979583,650
26.058535,-17.979245,679
26.058372,-17.978458,733
26.05833,-17.978024,733
26.05826,-17.977265,819
26.05821,-17.976724,863
26.057966,-17.975565,883
26.057884,-17.974837,887
26.057803,-17.974223,890
26.057873,-17.973357,889
26.057789,-17.972857,890
26.057859,-17.972102,890
26.057681,-17.971337,890
26.05758,-17.971081,882
26.057288,-17.970064,869
26.056912,-17.969939,869
26.056637,-17.970307,869
26.056172,-17.971199,877
26.055957,-17.972209,890
26.055715,-17.973471,890
26.055644,-17.974457,886
26.055583,-17.975315,885
26.055551,-17.975918,879
26.055521,-17.976748,867
26.055508,-17.977103,853
26.055563,-17.977868,785
26.0558,-17.978709,705
26.055979,-17.979367,705
26.055995,-17.980399,647
26.055937,-17.980901,647
26.055801,-17.981798,670
26.055656,-17.982466,743
26.055485,-17.983144,787
26.055384,-17.98389,811
26.055304,-17.984619,806
26.055025,-17.984977,806
26.054611,-17.985453,810
26.054207,-17.98581,810
26.053938,-17.986048,810
26.053408,-17.986405,815
26.052896,-17.986526,833
26.052248,-17.986767,833
26.051743,-17.986771,847
26.050861,-17.986778,841
26.050357,-17.986782,846
26.049484,-17.986671,853
26.049137,-17.986317,853
26.04891,-17.985964,847
26.048942,-17.985491,847
26.048861,-17.984669,858
26.048887,-17.984197,857
26.049222,-17.983226,851
26.049581,-17.98269,820
26.05015,-17.981743,739
26.050655,-17.981186,665
26.050983,-17.980782,665
26.051412,-17.980283,664
26.051553,-17.979808,664
26.051874,-17.979162,709
26.051982,-17.979062,709
26.052307,-17.97853,815
26.052875,-17.977431,841
26.053143,-17.976727,861
26.053405,-17.976259,861
26.053931,-17.975551,881
26.054216,-17.975062,884
26.054635,-17.974451,888
26.054652,-17.974205,888
26.054938,-17.973714,888
26.055418,-17.972583,888
26.056002,-17.971703,884
26.056321,-17.970946,879
26.056255,-17.970305,868
26.055746,-17.970302,868
26.054835,-17.97055,870
26.054302,-17.970804,865
26.053618,-17.971315,882
26.053206,-17.971693,882
26.052648,-17.972321,884
26.052101,-17.972822,884
26.051936,-17.973323,883
26.05138,-17.97418,876
26.051243,-17.974421,869
26.050826,-17.97538,871
26.050699,-17.975495,870
26.050229,-17.976152,842
26.050133,-17.976354,770
26.050063,-17.976879,770
26.049524,-17.977483,665
26.049152,-17.977821,665
26.048424,-17.978718,705
26.047616,-17.97934,749
26.046862,-17.9798,842
26.046013,-17.980232,857
26.045484,-17.980487,876
26.044852,-17.98072,872
26.043976,-17.980947,854
26.043468,-17.980953,865
26.043093,-17.980725,865
26.043126,-17.980005,868
26.04316,-17.979283,873
26.043191,-17.97879,873
26.043356,-17.978287,866
26.044092,-17.977248,824
26.044868,-17.976623,745
26.045219,-17.976049,713
26.04567,-17.975622,679
26.045959,-17.975351,665
26.046529,-17.974936,651
26.047176,-17.974697,656
26.047669,-17.974487,671
26.048361,-17.974222,717
26.049009,-17.974001,810
26.049685,-17.973864,810
26.05005,-17.973533,875
26.050686,-17.973186,881
26.051233,-17.972567,883
26.051896,-17.972192,884
26.052443,-17.971689,882
26.05287,-17.97118,864
26.053453,-17.970291,873
26.053496,-17.969429,886
26.053412,-17.968565,889
26.053043,-17.968197,889
26.052555,-17.967817,888
26.051802,-17.967562,891
26.050912,-17.967434,891
26.050663,-17.967307,891
26.050149,-17.967306,894
26.049379,-17.967305,889
26.04875,-17.967288,883
26.047849,-17.967289,880
26.047194,-17.96754,880
26.046406,-17.967914,883
26.045886,-17.968275,882
26.045498,-17.968512,882
26.045103,-17.968995,864
26.044621,-17.969883,806
26.044509,-17.97021,806
26.044292,-17.970621,857
26.044198,-17.971041,731
26.044083,-17.971842,681
26.043828,-17.972424,654
26.043651,-17.973078,676
26.043321,-17.973761,733
26.042973,-17.974351,714
26.04268,-17.97475,774
26.042444,-17.975706,819
26.042093,-17.97664,823
26.041785,-17.977287,857
26.041524,-17.977528,857
26.041155,-17.976655,758
26.040895,-17.975908,701
26.040243,-17.974805,659
26.039994,-17.974093,672
26.039714,-17.973546,710
26.03943,-17.973125,765
26.038998,-17.972278,811
26.038224,-17.971597,868
26.037769,-17.970678,838
26.036875,-17.970208,855
26.036749,-17.970088,855
26.03572,-17.969985,866
26.034576,-17.969736,877
26.034064,-17.969737,877
26.03329,-17.969987,876
26.033149,-17.970487,865
26.033126,-17.971359,856
26.033116,-17.971732,856
26.03322,-17.972599,856
26.033588,-17.973209,858
26.033822,-17.973946,856
26.034301,-17.974702,860
26.034418,-17.974953,860
26.034777,-17.975684,849
26.035441,-17.976544,825
26.035846,-17.976846,760
26.035982,-17.977061,739
26.036657,-17.977805,683
26.03704,-17.978268,665
26.037294,-17.978269,659
26.037629,-17.979037,674
26.038121,-17.980048,769
26.038633,-17.980664,836
26.038846,-17.981055,836
26.039432,-17.981673,870
26.039788,-17.981923,874
26.040133,-17.98241,877
26.040488,-17.982772,877
26.040951,-17.983489,877
26.040922,-17.984084,879
26.040303,-17.984082,878
26.039814,-17.98396,878
26.039209,-17.983716,876
26.03861,-17.98335,872
26.038118,-17.983228,872
26.037762,-17.982867,870
26.037297,-17.982483,864
26.036874,-17.981924,779
26.036564,-17.981486,779
26.036136,-17.980799,689
26.036146,-17.980669,689
26.035585,-17.979862,658
26.035465,-17.979619,658
26.03496,-17.97915,670
26.034699,-17.978701,670
26.033918,-17.97793,732
26.033261,-17.977518,814
26.032736,-17.976759,852
26.03261,-17.976643,852
26.032247,-17.975802,863
26.032006,-17.975312,864
26.031892,-17.974821,864
26.031531,-17.974081,863
26.03103,-17.973832,862
26.030524,-17.973828,862
26.030377,-17.97481,856
26.030361,-17.975544,855
26.030353,-17.976027,855
26.030352,-17.976257,831
26.030603,-17.976836,850
26.030865,-17.977499,788
26.03113,-17.978043,724
26.031528,-17.978922,688
26.031523,-17.979393,688
26.031644,-17.979868,663
26.031871,-17.980618,681
26.031844,-17.981018,681
26.031785,-17.981713,754
26.03169,-17.982811,823
26.031533,-17.983439,861
26.030885,-17.984281,878
26.030376,-17.984757,876
26.02975,-17.985109,876
26.029255,-17.985107,876
26.028636,-17.985109,879
26.02827,-17.984871,879
26.028153,-17.984514,874
26.028048,-17.983791,874
26.027939,-17.983071,867
26.027948,-17.982479,876
26.02774,-17.981221,862
26.027781,-17.980405,827
26.027832,-17.979431,699
26.027857,-17.978772,699
26.02787,-17.977921,667
26.027863,-17.977028,747
26.027848,-17.976167,829
26.027842,-17.975508,829
26.027983,-17.974533,848
26.028127,-17.973433,855
26.028274,-17.972205,861
26.028551,-17.970846,868
26.028562,-17.970226,867
26.028306,-17.970226,867
26.027662,-17.970599,874
26.027142,-17.971224,870
26.026621,-17.97197,876
26.026358,-17.972816,860
26.025968,-17.973553,856
26.025711,-17.9738,855
26.025447,-17.974542,854
26.025315,-17.975031,849
26.02519,-17.975473,789
26.025072,-17.975984,789
26.024827,-17.976837,717
26.024575,-17.977389,668
26.024051,-17.978402,680
26.023774,-17.979377,745
26.023505,-17.98008,816
26.02324,-17.980759,863
26.022856,-17.981625,874
26.022602,-17.982224,874
26.02235,-17.982583,874
26.021725,-17.983298,873
26.021226,-17.983774,873
26.020605,-17.984011,873
26.02011,-17.983892,874
26.019986,-17.983772,874
26.019739,-17.983056,875
26.01974,-17.982457,874
26.019741,-17.981856,871
26.019742,-17.980893,871
26.019743,-17.980651,871
26.019744,-17.979925,868
26.019994,-17.97902,860
26.020245,-17.978449,785
26.020752,-17.977715,705
26.021266,-17.976782,665
26.02165,-17.976186,717
26.022157,-17.975387,801
26.022407,-17.975008,853
26.022789,-17.974537,865
26.023177,-17.973445,865
26.023437,-17.972587,874
26.023699,-17.971606,880
26.023827,-17.971484,877
26.023959,-17.970873,887
26.023967,-17.970127,892
26.023715,-17.969755,889
26.023203,-17.96988,889
26.022691,-17.970248,884
26.022052,-17.970612,879
26.021795,-17.971105,879
26.021411,-17.971596,875
26.021027,-17.972211,874
26.020898,-17.972706,874
26.020515,-17.973448,877
26.020259,-17.974038,872
26.019875,-17.974802,766
26.019745,-17.975088,766
26.019357,-17.975567,667
26.019226,-17.976141,667
26.018971,-17.976639,670
26.018721,-17.977318,718
26.01848,-17.978202,812
26.018236,-17.978778,871
26.017992,-17.979321,871
26.017743,-17.979806,876
26.017371,-17.980411,875
26.016999,-17.980894,876
26.016378,-17.981375,875
26.015879,-17.981253,875
26.01575,-17.980651,876
26.015746,-17.980049,877
26.015742,-17.979563,875
26.015737,-17.979067,875
26.015845,-17.978509,819
26.016193,-17.977747,720
26.016426,-17.977022,669
26.016674,-17.976497,669
26.016801,-17.976013,674
26.017186,-17.975667,665
26.017452,-17.975163,762
26.01759,-17.974661,762
26.017851,-17.974254,863
26.01798,-17.973796,864
26.018107,-17.973199,874
26.018361,-17.972835,883
26.018487,-17.972091,883
26.018487,-17.971471,886
26.018486,-17.970601,888
26.018486,-17.970227,895
26.018103,-17.969727,895
26.017338,-17.969724,892
26.016703,-17.970347,890
26.016449,-17.970596,889
26.016196,-17.970968,886
26.015819,-17.971597,888
26.015443,-17.972461,883
26.015319,-17.972952,879
26.015196,-17.973566,879
26.014939,-17.974377,875
26.014785,-17.975067,773
26.014505,-17.975775,672
26.014503,-17.976358,668
26.014386,-17.976882,668
26.014266,-17.977151,709
26.013946,-17.978337,798
26.013859,-17.97918,870
26.013738,-17.979545,870
26.013495,-17.980267,874
26.013375,-17.980629,871
26.013256,-17.981111,871
26.012892,-17.981833,870
26.012651,-17.982314,873
26.012279,-17.982431,873
26.011899,-17.982066,869
26.011389,-17.981345,866
26.011381,-17.980864,864
26.011373,-17.980381,864
26.011361,-17.979654,864
26.011352,-17.979284,863
26.011288,-17.978292,792
26.011374,-17.97771,716
26.011464,-17.977131,716
26.011824,-17.976473,665
26.01195,-17.976114,677
26.012215,-17.975556,675
26.012486,-17.975258,773
26.012888,-17.974863,773
26.013294,-17.974375,871
26.013549,-17.973675,876
26.013922,-17.972937,874
26.014297,-17.972319,880
26.014547,-17.971824,881
26.014924,-17.971205,883
26.015301,-17.970462,883
26.015424,-17.969837,883
26.015674,-17.968836,888
26.015798,-17.968332,890
26.015925,-17.968207,890
26.01456,-17.968597,886
26.014006,-17.968598,886
26.013242,-17.968783,880
26.012613,-17.969333,881
26.012182,-17.96979,882
26.011832,-17.970336,890
26.011584,-17.970792,890
26.011424,-17.971249,888
26.011157,-17.97188,887
26.010929,-17.972237,884
26.010679,-17.972773,884
26.010449,-17.97313,881
26.010208,-17.973576,881
26.010005,-17.974243,880
26.009917,-17.974594,774
26.009808,-17.975067,774
26.009765,-17.975477,676
26.009745,-17.975847,676
26.009655,-17.976176,678
26.009417,-17.976619,662
26.009125,-17.977093,697
26.008678,-17.978027,767
26.008065,-17.979038,840
26.007703,-17.979982,880
26.007585,-17.980681,882
26.007514,-17.981194,882
26.007464,-17.981536,882
26.0074,-17.981963,882
26.007319,-17.982556,882
26.007348,-17.982978,879
26.007267,-17.983567,879
26.007175,-17.984237,879
26.007053,-17.984488,878
26.006572,-17.98482,882
26.006386,-17.984903,882
26.006028,-17.984985,879
26.005411,-17.985065,879
26.004979,-17.985063,879
26.004719,-17.985061,879
26.004495,-17.984809,878
26.004291,-17.98439,878
26.004184,-17.983886,878
26.004096,-17.983213,876
26.004127,-17.982961,876
26.0042,-17.982371,877
26.004283,-17.981693,879
26.004426,-17.980583,881
26.004564,-17.979628,881
26.004698,-17.978777,868
26.004978,-17.978127,815
26.005456,-17.977021,677
26.005568,-17.976622,677
26.005685,-17.975724,665
26.005551,-17.975152,752
26.005401,-17.974679,762
26.005294,-17.974343,871
26.005286,-17.97394,871
26.005411,-17.973426,876
26.005542,-17.972513,862
26.005594,-17.971982,864
26.00565,-17.971365,864
26.005756,-17.97046,870
26.005477,-17.969731,873
26.005246,-17.969364,880
26.004544,-17.969172,876
26.004366,-17.969167,876
26.003724,-17.969166,882
26.002674,-17.969449,889
26.002479,-17.969542,889
26.001975,-17.969913,889
26.001519,-17.970733,888
26.001268,-17.971368,884
26.001128,-17.971819,884
26.000969,-17.972449,882
26.000884,-17.973256,878
26.000821,-17.973959,871
26.000813,-17.974209,871
26.000861,-17.974743,775
26.000998,-17.975293,775
26.001272,-17.976047,679
26.001367,-17.976619,663
26.001381,-17.97733,681
26.0013,-17.978323,708
26.001013,-17.979215,793
26.000959,-17.980003,864
26.000987,-17.98036,864
26.000974,-17.980448,870
26.001056,-17.981142,870
26.001079,-17.981657,865
26.001263,-17.982179,868
26.001295,-17.982606,868
26.001329,-17.98303,872
26.001342,-17.983621,872
26.001355,-17.98421,877
26.001318,-17.984544,874
26.001268,-17.984961,876
26.001312,-17.985295,876
26.000924,-17.984958,876
26.000069,-17.984117,874
25.999254,-17.983453,883
25.99879,-17.982944,882
25.998685,-17.982428,878
25.998344,-17.981972,847
25.998162,-17.981172,780
25.998158,-17.980659,780
25.99788,-17.979532,669
25.99742,-17.978658,702
25.996822,-17.977952,743
25.996681,-17.977667,825
25.996038,-17.977102,837
25.995677,-17.9767,872
25.995425,-17.976281,872
25.994931,-17.975758,886
25.994867,-17.97541,886
25.994104,-17.9748,891
25.993674,-17.974537,896
25.993323,-17.974447,896
25.992696,-17.974444,897
25.992499,-17.974704,891
25.992382,-17.975136,891
25.99236,-17.975482,880
25.992323,-17.976085,880
25.992312,-17.976257,868
25.992449,-17.976782,868
25.992679,-17.977221,877
25.99281,-17.977747,877
25.993063,-17.978082,854
25.99355,-17.978369,854
25.993988,-17.978787,752
25.994431,-17.979124,752
25.994743,-17.979336,720
25.995346,-17.979777,674
25.995676,-17.980125,668
25.995803,-17.980489,699
25.99608,-17.981094,699
25.99618,-17.981609,758
25.996359,-17.982124,849
25.996601,-17.982434,849
25.996977,-17.982924,880
25.997126,-17.983098,881
25.997421,-17.983526,881
25.997649,-17.983782,882
25.997877,-17.984038,882
25.998111,-17.98429,881
25.998245,-17.984705,879
25.99855,-17.985121,879
25.998787,-17.985369,879
25.999178,-17.985704,878
25.999561,-17.986121,879
25.999694,-17.986452,882
25.999086,-17.986452,882
25.998399,-17.986447,884
25.997838,-17.986033,881
25.997199,-17.985534,881
25.996626,-17.985201,882
25.996153,-17.98478,881
25.99559,-17.984359,881
25.995159,-17.98375,878
25.994718,-17.983167,852
25.994362,-17.982734,756
25.993958,-17.982104,756
25.993141,-17.981416,673
25.992149,-17.980761,750
25.991434,-17.980351,837
25.9907,-17.979807,830
25.989535,-17.979091,852
25.989004,-17.978927,852
25.988039,-17.978432,875
25.987603,-17.978261,878
25.986731,-17.977919,876
25.986197,-17.977919,874
25.985574,-17.977918,874
25.985129,-17.977917,881
25.984755,-17.97826,881
25.984732,-17.978609,881
25.984716,-17.978869,879
25.985204,-17.979561,879
25.985874,-17.980163,882
25.986661,-17.98065,872
25.987268,-17.980895,781
25.987668,-17.981092,781
25.988265,-17.981275,740
25.988948,-17.981466,689
25.989505,-17.981773,689
25.99014,-17.981928,684
25.990761,-17.982258,668
25.991356,-17.982607,667
25.99159,-17.982794,667
25.992023,-17.98319,694
25.992524,-17.983515,731
25.992995,-17.983933,823
25.993563,-17.984259,823
25.993766,-17.984533,823
25.994345,-17.985,866
25.994666,-17.985174,880
25.995384,-17.985682,873
25.996271,-17.986189,880
25.99699,-17.98669,880
25.997568,-17.986938,882
25.998127,-17.98735,883
25.998832,-17.98785,883
25.999793,-17.988425,881
26.000784,-17.988908,882
26.001453,-17.989488,884
25.999741,-17.991899,882
25.998645,-17.991634,886
25.997684,-17.991499,884
25.997275,-17.991366,884
25.996732,-17.991102,880
25.995913,-17.990837,878
25.995097,-17.99044,878
25.994553,-17.990176,884
25.993736,-17.989778,883
25.993333,-17.989513,882
25.992655,-17.989244,883
25.992517,-17.989243,883
25.991704,-17.988842,880
25.990894,-17.988438,866
25.990271,-17.988009,818
25.989521,-17.987436,742
25.989138,-17.987151,742
25.988499,-17.986717,676
25.98797,-17.986429,676
25.98662,-17.985821,745
25.985397,-17.9855,875
25.983857,-17.984843,878
25.982885,-17.984442,883
25.98191,-17.984172,882
25.980934,-17.983902,881
25.979819,-17.9835,885
25.9787,-17.983231,889
25.977299,-17.983093,889
25.976877,-17.983093,889
25.976452,-17.983359,889
25.976448,-17.983625,889
25.977563,-17.984159,885
25.978675,-17.984694,881
25.979508,-17.985096,881
25.980339,-17.985498,880
25.98131,-17.985899,879
25.982272,-17.986567,883
25.982967,-17.986832,883
25.983659,-17.987358,880
25.984501,-17.987748,865
25.985394,-17.988105,819
25.985846,-17.988349,746
25.986719,-17.988727,737
25.98788,-17.989237,691
25.98884,-17.989777,670
25.990153,-17.990604,695
25.991463,-17.991162,821
25.992519,-17.991834,810
25.993931,-17.992519,869
25.995553,-17.993438,872
25.996896,-17.993966,879
25.997813,-17.994621,890
25.998865,-17.995275,896
25.999534,-17.995536,905
26.00113,-17.996317,914
26.002333,-17.996837,919
26.003116,-17.997482,922
26.002813,-17.997993,923
26.001986,-17.998118,921
26.00144,-17.998115,921
26.00062,-17.998112,921
25.999394,-17.998107,917
25.998457,-17.997847,912
25.998193,-17.997717,912
25.997135,-17.997199,908
25.995663,-17.996677,890
25.993767,-17.996024,880
25.992124,-17.995095,757
25.990647,-17.994275,685
25.989079,-17.993625,718
25.987727,-17.992999,864
25.986338,-17.992347,857
25.985245,-17.991947,834
25.984261,-17.99169,862
25.983003,-17.991172,861
25.981893,-17.990909,889
25.980925,-17.990645,887
25.979396,-17.99064,884
25.979254,-17.99077,884
25.980219,-17.991166,885
25.981041,-17.991691,884
25.982279,-17.992216,880
25.982962,-17.992739,880
25.98393,-17.993001,874
25.984886,-17.993526,878
25.985563,-17.993919,885
25.986382,-17.99444,869
25.98698,-17.994819,836
25.987728,-17.995199,779
25.988605,-17.995583,724
25.989468,-17.996362,672
25.99035,-17.997024,683
25.991419,-17.997685,860
25.992595,-17.998334,873
25.993778,-17.999107,880
25.994045,-17.999236,883
25.995238,-17.999879,891
25.996431,-18.000392,906
25.997078,-18.000903,907
25.998122,-18.00154,918
25.998895,-18.002301,925
25.99901,-18.00268,925
25.999247,-18.003311,930
25.999233,-18.003562,930
25.998288,-18.00356,924
25.996932,-18.003555,917
25.995852,-18.003552,915
25.995311,-18.00355,912
25.994117,-18.003043,910
25.992774,-18.002659,910
25.992239,-18.002404,910
25.990889,-18.002019,906
25.990359,-18.001765,900
25.989044,-18.001256,893
25.988014,-18.000747,870
25.986866,-18.000109,776
25.985842,-17.999335,716
25.985332,-17.998816,715
25.984812,-17.998295,675
25.983818,-17.997256,677
25.982501,-17.996486,812
25.981507,-17.995588,886
25.980554,-17.994938,881
25.980013,-17.994418,881
25.979467,-17.994028,881
25.979057,-17.993767,881
25.977829,-17.992981,882
25.977691,-17.99298,882
25.976868,-17.992714,891
25.976181,-17.992321,891
25.975904,-17.99232,891
25.975211,-17.992318,892
25.975202,-17.993097,889
25.975473,-17.993617,888
25.97588,-17.994267,877
25.976442,-17.994907,822
25.976728,-17.995549,769
25.977417,-17.996457,753
25.978248,-17.997365,740
25.978958,-17.998402,692
25.979772,-17.999182,689
25.98053,-18.00047,779
25.981538,-18.00174,839
25.982298,-18.002749,895
25.982945,-18.003886,892
25.983721,-18.005144,895
25.984363,-18.006272,905
25.985143,-18.007272,913
25.985657,-18.008144,921
25.986165,-18.009138,923
25.986146,-18.009757,922
25.985609,-18.009756,922
25.98413,-18.009753,910
25.981735,-18.008886,895
25.980534,-18.008261,889
25.978667,-18.006882,887
25.977867,-18.006128,888
25.977737,-18.005752,888
25.977204,-18.005122,888
25.976809,-18.004366,891
25.976153,-18.002977,890
25.975644,-18.001972,805
25.975031,-18.000452,727
25.974489,-17.998772,714
25.974065,-17.997482,812
25.973648,-17.996196,881
25.973514,-17.995424,881
25.973251,-17.994258,886
25.972849,-17.992958,883
25.972309,-17.991394,883
25.971763,-17.990348,890
25.971215,-17.989556,885
25.970525,-17.988893,885
25.969692,-17.988625,877
25.968997,-17.988358,877
25.968439,-17.988357,880
25.967882,-17.988357,887
25.967601,-17.989145,882
25.967458,-17.990194,879
25.967455,-17.991239,885
25.967452,-17.992151,886
25.967587,-17.993062,878
25.967998,-17.993966,817
25.968409,-17.994996,792
25.96868,-17.996421,784
25.969229,-17.997588,765
25.969639,-17.998494,772
25.970045,-17.999655,769
25.970318,-18.000687,750
25.970869,-18.001464,694
25.971004,-18.002238,680
25.971269,-18.00326,689
25.971527,-18.004137,742
25.971505,-18.004867,880
25.971491,-18.005477,892
25.971481,-18.006476,890
25.971474,-18.007227,890
25.971469,-18.00785,890
25.970921,-18.008597,888
25.970106,-18.009091,888
25.969563,-18.009336,886
25.968482,-18.00933,883
25.967264,-18.009343,868
25.966037,-18.008876,822
25.965357,-18.008498,811
25.964951,-18.007865,811
25.964551,-18.006967,869
25.964419,-18.006331,869
25.964282,-18.005326,878
25.964146,-18.005074,878
25.964145,-18.004319,882
25.964137,-18.003316,856
25.964124,-18.002692,779
25.964106,-18.001813,724
25.964089,-18.000795,682
25.964083,-17.999505,690
25.964093,-17.998341,708
25.964103,-17.997179,789
25.964086,-17.995741,699
25.9641,-17.994841,735
25.96426,-17.993954,813
25.964403,-17.993181,868
25.964544,-17.992405,875
25.964682,-17.991494,883
25.96496,-17.990191,891
25.965099,-17.989273,889
25.965098,-17.988614,888
25.965098,-17.98769,889
25.964541,-17.98769,893
25.964124,-17.98769,893
25.96343,-17.988087,899
25.962877,-17.988615,907
25.962326,-17.989925,904
25.961908,-17.990701,896
25.96163,-17.991609,882
25.961326,-17.992753,782
25.960884,-17.993776,731
25.960591,-17.99494,700
25.960182,-17.996244,723
25.959948,-17.997291,797
25.959706,-17.998068,840
25.959443,-17.99871,842
25.959053,-17.999604,879
25.958789,-18.000113,855
25.958253,-18.000747,881
25.957173,-18.001758,886
25.956767,-18.00201,886
25.955948,-18.002006,886
25.955804,-18.001371,886
25.955792,-18.000736,886
25.955747,-17.999591,867
25.955717,-17.998951,831
25.955693,-17.998308,812
25.955808,-17.997792,764
25.956302,-17.996751,708
25.95655,-17.995967,680
25.956969,-17.994536,737
25.957119,-17.99376,725
25.957414,-17.992727,773
25.957452,-17.99184,882
25.957749,-17.990946,900
25.957882,-17.990033,906
25.958152,-17.988857,914
25.958147,-17.98781,921
25.958139,-17.986496,918
25.957994,-17.985967,918
25.957576,-17.985834,924
25.956737,-17.985828,922
25.955618,-17.98595,914
25.954932,-17.986872,912
25.954244,-17.987657,912
25.953694,-17.988441,899
25.953159,-17.990011,888
25.952753,-17.991441,882
25.952306,-17.992463,828
25.952011,-17.993883,809
25.951739,-17.995051,785
25.951545,-17.996468,686
25.951187,-17.997769,704
25.95113,-17.998675,753
25.950952,-17.999698,857
25.950728,-18.000842,882
25.949936,-18.002108,881
25.949684,-18.002993,883
25.949021,-18.003747,883
25.94835,-18.004122,881
25.947533,-18.004118,883
25.947125,-18.004117,883
25.946696,-18.003612,884
25.94638,-18.002857,869
25.946253,-18.001729,746
25.946156,-18.000584,755
25.94655,-17.999428,752
25.94696,-17.998657,795
25.947209,-17.997883,751
25.9478,-17.996714,690
25.948217,-17.995547,706
25.948706,-17.994783,764
25.949059,-17.993639,890
25.949465,-17.992605,893
25.949592,-17.991956,895
25.949842,-17.990522,897
25.950097,-17.989475,898
25.950072,-17.988162,900
25.950333,-17.987242,901
25.950326,-17.986847,906
25.950313,-17.986186,906
25.95002,-17.985391,907
25.949465,-17.985392,911
25.94851,-17.986315,909
25.947282,-17.987496,910
25.946329,-17.988543,906
25.94552,-17.989718,897
25.944987,-17.990631,898
25.94446,-17.991673,895
25.943814,-17.992682,887
25.943771,-17.993061,707
25.9434,-17.994082,690
25.943155,-17.994998,690
25.943172,-17.996056,727
25.943209,-17.996973,867
25.942845,-17.997999,891
25.942596,-17.998894,886
25.942204,-17.999531,886
25.941822,-18.000422,883
25.941427,-18.000802,883
25.940768,-18.001434,887
25.939693,-18.00181,888
25.939153,-18.001934,888
25.93834,-18.002057,889
25.937925,-18.001928,889
25.937622,-18.001166,890
25.937591,-18.000403,890
25.937567,-17.999894,886
25.937692,-17.999639,886
25.938348,-17.99862,893
25.93926,-17.997215,894
25.940036,-17.99606,892
25.940685,-17.995012,799
25.941243,-17.994216,757
25.941445,-17.993683,686
25.942238,-17.992632,701
25.943257,-17.991771,866
25.943734,-17.991272,927
25.94457,-17.990629,891
25.945523,-17.989849,897
25.946059,-17.988935,902
25.946694,-17.986045,915
25.946669,-17.984463,928
25.946659,-17.984065,928
25.946462,-17.98206,926
25.946168,-17.981524,930
25.945141,-17.979776,927
25.944146,-17.979237,927
25.943724,-17.979235,926
25.943162,-17.979233,926
25.942194,-17.979898,921
25.941243,-17.981099,919
25.94057,-17.982031,915
25.939894,-17.982828,913
25.939497,-17.983624,911
25.938829,-17.984682,908
25.938559,-17.984946,908
25.937896,-17.986132,909
25.937507,-17.987184,899
25.936984,-17.988234,901
25.936603,-17.989412,898
25.936079,-17.990585,884
25.935604,-17.991348,800
25.93496,-17.992106,740
25.934472,-17.993003,686
25.934315,-17.99326,686
25.933856,-17.994444,714
25.933775,-17.995242,770
25.933398,-17.996158,879
25.932943,-17.997316,895
25.932162,-17.998338,891
25.931789,-17.999231,891
25.931145,-18.000121,890
25.930775,-18.000882,890
25.930261,-18.001515,892
25.929734,-18.001893,892
25.929073,-18.002269,891
25.928277,-18.002645,892
25.927732,-18.002643,894
25.9273,-18.002134,894
25.927247,-18.00112,894
25.927233,-18.000866,894
25.926998,-17.99887,893
25.92714,-17.997983,891
25.927424,-17.996927,842
25.927728,-17.995516,734
25.927874,-17.994608,696
25.928147,-17.993739,689
25.928142,-17.993157,792
25.928409,-17.992569,859
25.928544,-17.991841,877
25.928822,-17.990948,894
25.929104,-17.989789,900
25.929387,-17.988626,907
25.929535,-17.987582,910
25.929552,-17.986272,911
25.929564,-17.985225,906
25.929164,-17.984567,909
25.929027,-17.984567,909
25.928347,-17.984564,910
25.927393,-17.984694,915
25.926843,-17.985352,919
25.926156,-17.986393,910
25.925877,-17.987562,906
25.925464,-17.988602,902
25.925321,-17.989899,895
25.925185,-17.990157,895
25.925041,-17.991702,895
25.9249,-17.992969,838
25.92476,-17.993929,796
25.924755,-17.994863,696
25.924616,-17.9956,695
25.924613,-17.996157,695
25.92434,-17.997391,842
25.923938,-17.998215,888
25.923537,-17.998986,901
25.923003,-17.99949,901
25.922339,-18.000499,912
25.921545,-18.00163,916
25.920886,-18.002629,922
25.920098,-18.003499,929
25.91944,-18.00399,934
25.918915,-18.004482,934
25.918259,-18.004482,933
25.917995,-18.004235,933
25.917861,-18.003493,944
25.917725,-18.002625,943
25.917578,-18.001615,930
25.917564,-18.000726,905
25.917553,-17.999961,900
25.917546,-17.999326,896
25.917525,-17.998538,833
25.917752,-17.997701,745
25.917987,-17.99674,692
25.918529,-17.995856,722
25.918951,-17.995144,787
25.919513,-17.994333,859
25.92006,-17.993607,891
25.920597,-17.99297,891
25.921,-17.992327,888
25.921538,-17.991167,889
25.921808,-17.99039,893
25.922079,-17.989351,892
25.92208,-17.988701,892
25.92208,-17.98805,892
25.922081,-17.987266,894
25.921674,-17.986869,895
25.920995,-17.986996,889
25.920047,-17.987647,891
25.919236,-17.988428,891
25.918158,-17.989466,892
25.917622,-17.990113,893
25.91682,-17.991277,892
25.916017,-17.992299,890
25.91534,-17.993171,868
25.914075,-17.993699,716
25.913786,-17.99392,701
25.912585,-17.994701,781
25.911756,-17.995483,899
25.91098,-17.996138,904
25.909925,-17.996771,903
25.909,-17.997025,908
25.908468,-17.997025,911
25.907924,-17.996514,911
25.907775,-17.995877,907
25.907759,-17.995112,907
25.907733,-17.994086,906
25.908121,-17.993572,907
25.908769,-17.992668,904
25.909546,-17.99213,900
25.910169,-17.99181,860
25.911158,-17.991289,760
25.911408,-17.991127,694
25.912859,-17.990783,795
25.914114,-17.990358,895
25.915055,-17.989974,896
25.915726,-17.989458,897
25.916263,-17.98894,897
25.91707,-17.988421,896
25.91815,-17.987772,894
25.918959,-17.986727,894
25.918687,-17.986594,895
25.918007,-17.98633,895
25.917052,-17.986058,891
25.915827,-17.985918,891
25.915283,-17.985916,893
25.913645,-17.985892,884
25.912943,-17.986095,847
25.912081,-17.986255,765
25.911364,-17.98657,765
25.910525,-17.987178,709
25.909477,-17.987639,790
25.908614,-17.988161,864
25.908232,-17.988198,864
25.907584,-17.988365,897
25.906642,-17.988369,896
25.905832,-17.988368,895
25.905012,-17.988102,896
25.904458,-17.987705,890
25.904306,-17.987178,890
25.904266,-17.986112,872
25.904456,-17.98467,773
25.904948,-17.984075,701
25.906031,-17.983661,698
25.906994,-17.983402,699
25.908514,-17.983411,707
25.909343,-17.983415,701
25.910173,-17.98342,699
25.911013,-17.983449,705
25.912321,-17.983609,811
25.913342,-17.983895,891
25.914031,-17.984044,891
25.914581,-17.984058,891
25.915127,-17.984063,885
25.91608,-17.983803,890
25.916486,-17.983278,895
25.916895,-17.983018,895
25.917027,-17.982095,896
25.917026,-17.981443,906
25.916887,-17.980919,915
25.916197,-17.980506,905
25.915644,-17.980227,908
25.914541,-17.979941,896
25.913851,-17.979798,896
25.912748,-17.979521,896
25.911367,-17.979108,896
25.910261,-17.97896,894
25.909433,-17.97895,886
25.90818,-17.978912,868
25.907209,-17.978893,859
25.90638,-17.978884,860
25.905585,-17.979321,882
25.904771,-17.979721,891
25.904229,-17.979988,895
25.903692,-17.98039,893
25.903279,-17.980643,890
25.902858,-17.981141,876
25.902692,-17.981484,895
25.902216,-17.982038,842
25.901605,-17.98273,720
25.901345,-17.983264,717
25.901029,-17.984154,760
25.900869,-17.984927,836
25.900695,-17.985548,884
25.900478,-17.986369,892
25.900101,-17.987159,894
25.899306,-17.987554,893
25.898638,-17.987559,895
25.897557,-17.987557,903
25.896995,-17.987031,906
25.896962,-17.986241,906
25.896907,-17.984921,904
25.897133,-17.984113,896
25.897603,-17.982866,841
25.898014,-17.98207,745
25.898683,-17.981402,714
25.899262,-17.98092,720
25.899712,-17.98058,766
25.900748,-17.979779,856
25.901147,-17.979247,847
25.901444,-17.978893,874
25.901422,-17.978346,880
25.901666,-17.977399,884
25.901645,-17.976592,887
25.901629,-17.97592,887
25.901206,-17.975647,884
25.900655,-17.975519,884
25.899973,-17.97553,891
25.898867,-17.975524,894
25.898178,-17.975523,894
25.897497,-17.975792,896
25.896822,-17.976196,896
25.896291,-17.976736,894
25.896018,-17.977639,874
25.895944,-17.978194,826
25.895846,-17.978854,714
25.895657,-17.979313,714
25.895668,-17.979715,706
25.895453,-17.98043,760
25.895419,-17.98093,760
25.895198,-17.981901,874
25.894769,-17.982912,898
25.894275,-17.98385,903
25.89378,-17.984781,908
25.893533,-17.985309,908
25.892882,-17.985964,909
25.892889,-17.986096,909
