28.684545,-16.390851,515
28.699883,-16.396833,477
28.709093,-16.39983,480
28.727516,-16.405822,504
28.739812,-16.40883,605
28.752108,-16.411836,805
28.770548,-16.414887,868
28.779705,-16.420863,861
28.798138,-16.42392,761
28.813533,-16.423995,665
28.82577,-16.429984,423
28.837968,-16.436003,567
28.850211,-16.436122,575
28.868449,-16.445189,650
28.877587,-16.44824,653
28.89586,-16.454338,643
28.908156,-16.45734,743
28.920464,-16.460334,603
28.941981,-16.469256,601
28.954292,-16.472249,600
28.966605,-16.475241,616
28.969688,-16.475253,589
28.982002,-16.478244,612
29.000484,-16.481257,617
29.015863,-16.487208,628
29.031243,-16.49316,594
29.046586,-16.499134,596
29.058871,-16.502144,574
29.064978,-16.508076,570
29.086449,-16.517031,583
29.107968,-16.520081,605
29.114032,-16.528975,621
29.14467,-16.54094,702
29.153834,-16.546894,744
29.162913,-16.55583,713
29.171938,-16.567728,786
29.18411,-16.576663,884
29.193252,-16.585562,790
29.19621,-16.594448,749
29.208446,-16.603351,733
29.22373,-16.615218,1012
29.232918,-16.621154,957
29.242063,-16.630048,1064
29.2543,-16.638947,1036
29.263445,-16.64784,1092
29.269542,-16.653767,1086
29.278551,-16.67153,1009
29.269133,-16.680382,1050
29.253531,-16.689218,1047
29.244207,-16.692153,991
29.228616,-16.700982,1001
29.216214,-16.703904,998
29.20378,-16.709775,941
29.191414,-16.709744,939
29.1729,-16.709684,898
29.157558,-16.709604,863
29.145293,-16.709535,908
29.13307,-16.706511,933
29.114671,-16.706405,941
29.099465,-16.697453,971
29.084216,-16.691451,883
29.07199,-16.688422,692
29.056739,-16.682418,609
29.044554,-16.67643,546
29.035393,-16.673417,545
29.020093,-16.667427,527
29.004777,-16.661443,513
28.992521,-16.655482,499
28.980264,-16.649521,491
28.964926,-16.643545,487
28.955751,-16.637596,499
28.943496,-16.631632,519
28.92508,-16.625639,487
28.90978,-16.616706,487
28.900532,-16.616666,487
28.894399,-16.613686,487
28.879084,-16.604761,487
28.86682,-16.5988,487
28.84528,-16.59575,487
28.826856,-16.58976,487
28.814632,-16.580843,487
28.802344,-16.57783,487
28.787041,-16.568897,487
28.77168,-16.565864,487
28.759367,-16.5658,487
28.744042,-16.559811,487
28.725708,-16.547898,487
28.71042,-16.538953,519
28.69821,-16.530024,566
28.679852,-16.521056,540
28.676814,-16.518079,507
28.661506,-16.512076,487
28.64622,-16.503128,487
28.63399,-16.49714,487
28.621795,-16.488194,509
28.60034,-16.482148,503
28.591186,-16.476176,512
28.578922,-16.473142,519
28.563654,-16.464172,534
28.548352,-16.458159,553
28.536112,-16.452181,528
28.520755,-16.449149,527
28.505401,-16.446116,539
28.490114,-16.437176,692
28.468651,-16.431144,597
28.465611,-16.428169,575
28.450311,-16.422157,553
28.431972,-16.413169,598
28.422787,-16.410152,592
28.410557,-16.404169,590
28.398291,-16.401145,594
28.382984,-16.395151,585
28.367679,-16.389157,632
28.352376,-16.383162,634
28.337044,-16.380117,600
28.324755,-16.38004,605
28.303251,-16.379905,574
28.297046,-16.385764,570
28.287675,-16.400449,656
28.287613,-16.406349,600
28.299741,-16.42118,546
28.311935,-16.430108,621
28.321121,-16.433117,624
28.336391,-16.442064,593
28.348621,-16.448041,580
28.367,-16.454057,645
28.382296,-16.46007,583
28.394553,-16.463111,569
28.406809,-16.466151,536
28.425244,-16.466282,522
28.437503,-16.469321,567
28.458981,-16.472422,616
28.474314,-16.47548,536
28.483509,-16.478486,529
28.498829,-16.484474,562
28.517255,-16.487531,504
28.526406,-16.493504,494
28.535594,-16.496521,489
28.554005,-16.499597,561
28.569307,-16.505608,497
28.581606,-16.505686,497
28.593834,-16.511676,487
28.609138,-16.517684,487
28.621367,-16.523671,487
28.633602,-16.529654,487
28.648946,-16.532701,487
28.661151,-16.541633,487
28.670349,-16.544638,487
28.676402,-16.553533,487
28.694799,-16.559543,487
28.703998,-16.562547,487
28.719319,-16.568538,487
28.734608,-16.57748,487
28.746887,-16.5805,487
28.759133,-16.586471,487
28.774464,-16.592455,487
28.792845,-16.601403,487
28.805068,-16.61032,487
28.814244,-16.616269,487
28.826501,-16.622233,487
28.832631,-16.625214,487
28.844827,-16.637078,487
28.853976,-16.645976,487
28.872403,-16.651964,487
28.884691,-16.654977,487
28.896943,-16.660942,487
28.915357,-16.666936,487
28.933806,-16.669977,487
28.949176,-16.673002,487
28.961431,-16.678964,487
28.979885,-16.682001,491
28.992141,-16.687961,501
29.007475,-16.693936,603
29.019625,-16.702877,690
29.031854,-16.705908,680
29.043956,-16.7178,660
29.059166,-16.726754,872
29.07135,-16.732734,895
29.080423,-16.741647,897
29.095586,-16.753545,922
29.101548,-16.765387,973
29.095287,-16.774205,917
29.083021,-16.774134,905
29.067688,-16.774044,866
29.05542,-16.773971,899
29.043152,-16.773898,943
29.030968,-16.767921,911
29.015715,-16.761924,724
29.006639,-16.75301,541
28.99747,-16.747066,543
28.982142,-16.738156,532
28.966786,-16.732192,509
28.954516,-16.729177,505
28.945326,-16.726175,491
28.926945,-16.720171,487
28.917705,-16.720126,487
28.899325,-16.714119,487
28.887056,-16.711099,489
28.871806,-16.702147,487
28.859605,-16.693224,487
28.847389,-16.684307,487
28.832016,-16.681281,487
28.819758,-16.675319,487
28.807436,-16.675256,487
28.795213,-16.666343,487
28.779813,-16.666263,487
28.767527,-16.663248,487
28.746036,-16.657233,487
28.736863,-16.651284,487
28.721566,-16.64235,487
28.709319,-16.636381,487
28.697075,-16.630408,487
28.684866,-16.621485,487
28.672624,-16.615511,487
28.663494,-16.606603,487
28.648211,-16.597657,487
28.632934,-16.588707,487
28.626816,-16.585717,487
28.60529,-16.585581,487
28.59309,-16.576647,487
28.580824,-16.573616,487
28.568525,-16.573537,487
28.559335,-16.570525,487
28.54403,-16.56452,487
28.531733,-16.564438,487
28.513322,-16.561362,487
28.50106,-16.558327,487
28.485758,-16.552318,487
28.473466,-16.552231,487
28.461211,-16.549187,487
28.445946,-16.540221,487
28.433719,-16.534233,496
28.421492,-16.528244,539
28.409266,-16.522254,585
28.397073,-16.513312,523
28.384849,-16.50732,511
28.375665,-16.504301,515
28.366513,-16.498331,524
28.354258,-16.495289,530
28.345043,-16.49522,576
28.329716,-16.492156,652
28.32357,-16.492115,667
28.305133,-16.491992,515
28.289772,-16.491884,567
28.274477,-16.485878,546
28.265294,-16.482864,547
28.24997,-16.479804,501
28.234616,-16.479692,512
28.225467,-16.473728,571
28.210115,-16.473614,597
28.197835,-16.473522,513
28.188528,-16.482295,508
28.19454,-16.494131,583
28.203655,-16.503042,740
28.218943,-16.509053,666
28.240376,-16.515108,528
28.255701,-16.518169,708
28.271027,-16.521229,525
28.289396,-16.527256,575
28.304721,-16.530324,510
28.316974,-16.533368,487
28.326156,-16.536389,496
28.341515,-16.536506,487
28.35377,-16.539549,487
28.366026,-16.542591,487
28.384395,-16.548628,688
28.39358,-16.551645,575
28.411951,-16.55768,500
28.424242,-16.557769,487
28.439575,-16.560829,487
28.457972,-16.563922,487
28.473299,-16.566989,487
28.482484,-16.570007,487
28.500926,-16.570134,487
28.513155,-16.57612,487
28.525417,-16.579155,487
28.537614,-16.588091,487
28.546737,-16.597006,487
28.55586,-16.60592,487
28.564983,-16.614833,487
28.577215,-16.620816,487
28.592522,-16.626817,487
28.604756,-16.632797,487
28.613948,-16.635807,487
28.629291,-16.638855,487
28.641593,-16.638932,487
28.656872,-16.647878,487
28.672224,-16.650919,487
28.684465,-16.656892,487
28.696743,-16.659913,487
28.712135,-16.659999,487
28.721339,-16.662999,487
28.739748,-16.668999,487
28.755079,-16.674982,487
28.773491,-16.68098,487
28.782698,-16.683978,487
28.794921,-16.692891,487
28.81029,-16.695921,487
28.819499,-16.698918,487
28.834754,-16.70787,487
28.843942,-16.710876,487
28.859191,-16.719828,487
28.871409,-16.725806,487
28.880548,-16.731766,487
28.895846,-16.737757,494
28.908063,-16.743731,502
28.92331,-16.752674,513
28.935527,-16.758645,508
28.944642,-16.767543,496
28.956832,-16.779392,576
28.965933,-16.791228,816
28.975119,-16.797163,838
28.978041,-16.808973,879
28.987059,-16.826703,785
28.98998,-16.838509,735
28.986722,-16.850289,772
28.974278,-16.856134,803
28.961921,-16.856084,789
28.946477,-16.85602,790
28.931035,-16.855955,747
28.915721,-16.847049,747
28.906541,-16.841116,758
28.894316,-16.832222,935
28.882093,-16.823327,711
28.87603,-16.817396,593
28.863868,-16.808478,530
28.848627,-16.799541,506
28.836463,-16.790618,487
28.82117,-16.784631,487
28.808951,-16.778659,487
28.793606,-16.775623,487
28.78134,-16.772603,487
28.769074,-16.769582,487
28.759935,-16.763624,487
28.744639,-16.757631,487
28.72939,-16.748683,487
28.72025,-16.742722,487
28.704954,-16.736724,487
28.692736,-16.730744,487
28.680564,-16.721807,487
28.662231,-16.712835,487
28.653085,-16.706872,488
28.634774,-16.697882,487
28.62254,-16.691905,487
28.610305,-16.685928,487
28.598072,-16.67995,487
28.579723,-16.670981,487
28.567457,-16.66795,487
28.552185,-16.658999,487
28.542995,-16.655987,487
28.52465,-16.647013,487
28.512387,-16.643979,487
28.500192,-16.635045,487
28.481816,-16.629017,487
28.469592,-16.623027,487
28.457371,-16.617034,487
28.442112,-16.608066,487
28.429925,-16.59912,487
28.417639,-16.599025,487
28.402378,-16.590057,491
28.390119,-16.587017,492
28.374789,-16.583953,519
28.362532,-16.580911,507
28.350276,-16.577869,487
28.34106,-16.577799,487
28.325733,-16.574732,487
28.313479,-16.571688,487
28.301193,-16.571592,502
28.285907,-16.565562,504
28.273659,-16.562506,487
28.258307,-16.562377,511
28.249123,-16.559363,524
28.233827,-16.553357,537
28.221573,-16.550318,608
28.20932,-16.547279,562
28.190928,-16.544192,714
28.181748,-16.541176,559
28.166429,-16.538111,571
28.144972,-16.534997,693
28.12662,-16.528961,700
28.111347,-16.52291,690
28.096043,-16.5198,590
28.080739,-16.516689,623
28.068469,-16.516553,606
28.053163,-16.513439,628
28.040892,-16.513302,674
28.028588,-16.516107,741
28.025421,-16.524902,664
28.025254,-16.539637,664
28.025121,-16.551424,726
28.031157,-16.560332,858
28.043397,-16.563416,725
28.052601,-16.563518,674
28.073978,-16.572594,634
28.089318,-16.572753,611
28.104659,-16.572909,673
28.1169,-16.575978,607
28.132212,-16.579062,702
28.144428,-16.58505,614
28.156709,-16.585149,577
28.172061,-16.585272,542
28.193525,-16.588386,522
28.20885,-16.591451,498
28.221104,-16.594491,497
28.236426,-16.597565,491
28.254846,-16.597728,499
28.276305,-16.600865,487
28.285515,-16.600945,487
28.300834,-16.604025,487
28.313055,-16.610018,487
28.331421,-16.616058,487
28.346717,-16.622073,487
28.358974,-16.625115,487
28.371198,-16.631106,487
28.380345,-16.637078,487
28.398707,-16.643124,487
28.41096,-16.64617,487
28.426319,-16.64629,487
28.438573,-16.649335,487
28.453832,-16.6583,487
28.472264,-16.658441,487
28.487563,-16.66445,487
28.499824,-16.667485,487
28.512087,-16.67052,487
28.524316,-16.676502,487
28.539587,-16.685454,487
28.54871,-16.694362,487
28.560942,-16.700341,487
28.573083,-16.715157,487
28.585287,-16.724079,487
28.6006,-16.730074,487
28.615945,-16.733122,487
28.634296,-16.733305,488
28.646467,-16.736388,492
28.65561,-16.739422,500
28.667937,-16.739484,495
28.683144,-16.751387,487
28.698452,-16.757375,487
28.710731,-16.760392,487
28.719824,-16.769304,487
28.725885,-16.775244,487
28.741136,-16.784186,487
28.744166,-16.787155,487
28.765567,-16.796132,487
28.777783,-16.802103,487
28.786921,-16.808056,487
28.802214,-16.814042,498
28.817508,-16.820027,556
28.826645,-16.825976,783
28.838807,-16.834893,808
28.850967,-16.843807,970
28.860078,-16.852695,979
28.872298,-16.861587,816
28.88456,-16.867534,902
28.896789,-16.876424,823
28.905965,-16.88529,823
28.915115,-16.897097,838
28.918089,-16.908875,824
28.911829,-16.917669,830
28.896393,-16.917597,870
28.884045,-16.917537,902
28.871699,-16.917478,940
28.862505,-16.91155,969
28.85024,-16.905604,977
28.83492,-16.896702,912
28.825744,-16.887839,721
28.810382,-16.87895,566
28.804336,-16.870088,916
28.795195,-16.864145,848
28.776807,-16.858154,648
28.761502,-16.852177,819
28.746199,-16.846199,917
28.737006,-16.843202,800
28.718571,-16.840155,715
28.70327,-16.834175,673
28.69408,-16.831175,685
28.672621,-16.825159,558
28.660403,-16.819192,546
28.654395,-16.810308,531
28.639262,-16.801314,522
28.627145,-16.795289,517
28.615025,-16.789262,516
28.60295,-16.780278,506
28.587766,-16.774212,500
28.572546,-16.765236,496
28.563321,-16.765173,489
28.544968,-16.756209,489
28.532733,-16.750232,487
28.520436,-16.750145,487
28.514351,-16.744211,487
28.492896,-16.738167,487
28.471444,-16.73212,487
28.456141,-16.726115,487
28.437773,-16.720081,487
28.431662,-16.717086,487
28.41016,-16.716916,487
28.400978,-16.713896,487
28.385719,-16.704933,487
28.364252,-16.701811,487
28.352034,-16.695817,487
28.339782,-16.692768,487
28.324459,-16.689693,487
28.312241,-16.683697,487
28.296915,-16.680626,487
28.284699,-16.674626,487
28.269379,-16.671546,487
28.254093,-16.665517,487
28.241844,-16.662462,487
28.226559,-16.656431,487
28.211241,-16.653346,492
28.195956,-16.647313,487
28.180703,-16.638338,487
28.165411,-16.632326,487
28.156198,-16.632251,487
28.144011,-16.62332,498
28.128692,-16.62025,515
28.11648,-16.614246,525
28.110343,-16.614184,567
28.076621,-16.610896,550
28.064379,-16.607826,553
28.049036,-16.607667,590
28.036761,-16.607536,678
28.027556,-16.607433,765
28.021285,-16.619147,701
28.030391,-16.628079,597
28.045637,-16.63707,546
28.057913,-16.637197,559
28.070156,-16.640267,558
28.079363,-16.640362,544
28.097711,-16.646436,519
28.113056,-16.646592,516
28.125299,-16.649658,518
28.13755,-16.652703,505
28.149833,-16.652805,493
28.162053,-16.658793,508
28.180441,-16.661906,487
28.195759,-16.664993,487
28.208006,-16.668051,487
28.220221,-16.674055,487
28.232502,-16.674165,487
28.244685,-16.683114,487
28.253863,-16.686142,487
28.272188,-16.695142,487
28.284437,-16.698195,487
28.296655,-16.704193,487
28.311975,-16.707272,487
28.324226,-16.710321,487
28.339516,-16.716342,487
28.351768,-16.71939,487
28.367025,-16.728354,487
28.373135,-16.731351,487
28.382316,-16.734372,487
28.40068,-16.740412,487
28.416005,-16.743481,487
28.425221,-16.743554,487
28.452812,-16.749654,487
28.468115,-16.755658,487
28.483483,-16.755771,487
28.495747,-16.758805,487
28.508011,-16.761838,487
28.520277,-16.764871,487
28.535617,-16.767925,490
28.547821,-16.776846,500
28.557014,-16.779855,501
28.569182,-16.788795,506
28.587475,-16.791937,512
28.602608,-16.80095,526
28.61473,-16.806975,531
28.626848,-16.812998,542
28.651124,-16.822086,548
28.663381,-16.825109,562
28.675548,-16.834025,766
28.687765,-16.83999,1075
28.699931,-16.848903,994
28.70912,-16.851901,992
28.724367,-16.860828,966
28.733452,-16.869719,958
28.748735,-16.878631,990
28.761016,-16.88457,864
28.773254,-16.896384,820
28.77933,-16.908166,589
28.770037,-16.913991,656
28.754625,-16.913907,937
28.74232,-16.910902,781
28.720798,-16.904909,763
28.702385,-16.895996,894
28.683977,-16.887083,992
28.668629,-16.881124,999
28.647173,-16.875112,1037
28.635065,-16.869107,987
28.622955,-16.863099,741
28.613845,-16.860065,716
28.604733,-16.85703,609
28.586553,-16.848008,566
28.577387,-16.847919,565
28.556092,-16.841809,546
28.546969,-16.838767,538
28.531729,-16.835663,523
28.522685,-16.826721,518
28.513461,-16.826655,525
28.501195,-16.823622,507
28.485919,-16.814678,502
28.473687,-16.8087,491
28.461489,-16.799777,487
28.449259,-16.793796,487
28.440071,-16.790783,487
28.427842,-16.784801,487
28.412509,-16.781739,487
28.397145,-16.78162,487
28.381819,-16.778551,487
28.372604,-16.778476,487
28.357313,-16.77246,487
28.34506,-16.769413,487
28.332841,-16.763421,487
28.323661,-16.760399,487
28.3053,-16.754353,487
28.293119,-16.745408,487
28.280841,-16.745296,487
28.268628,-16.739292,487
28.259451,-16.736263,487
28.24106,-16.733154,487
28.219665,-16.724127,487
28.198205,-16.720987,487
28.182919,-16.714957,487
28.158423,-16.708839,487
28.136965,-16.705693,515
28.124752,-16.699687,542
28.106368,-16.696559,508
28.088049,-16.687544,516
28.075902,-16.675647,528
28.072832,-16.675616,524
28.051446,-16.666566,535
28.036132,-16.663463,535
28.01775,-16.660327,543
28.005572,-16.651367,584
27.990226,-16.6512,633
27.968842,-16.642122,674
27.956564,-16.641982,777
27.938216,-16.635916,827
27.922908,-16.632843,866
27.907636,-16.626825,771
27.8954,-16.623777,657
27.877067,-16.617732,728
27.864835,-16.614683,698
27.843468,-16.605632,695
27.831122,-16.611367,685
27.827944,-16.620142,663
27.833933,-16.631959,665
27.843065,-16.637937,707
27.861405,-16.644018,631
27.876713,-16.647126,785
27.882851,-16.647194,895
27.901193,-16.653271,869
27.913397,-16.65927,724
27.931807,-16.659425,686
27.95012,-16.668417,667
27.959329,-16.668522,670
27.980749,-16.674651,567
27.992994,-16.677725,568
28.005205,-16.683741,569
28.008275,-16.683774,567
28.029695,-16.689885,553
28.038871,-16.692924,560
28.054153,-16.698969,523
28.072538,-16.702102,555
28.075607,-16.702134,538
28.093926,-16.711154,563
28.106171,-16.714222,664
28.118448,-16.714348,542
28.133731,-16.720387,487
28.149048,-16.723477,487
28.158226,-16.726507,487
28.176581,-16.732567,487
28.1919,-16.735653,487
28.204149,-16.73871,487
28.219436,-16.744738,487
28.231653,-16.750737,487
28.24387,-16.756736,487
28.262223,-16.762797,487
28.274468,-16.765855,487
28.28668,-16.771857,487
28.301996,-16.77494,487
28.314248,-16.77799,487
28.329571,-16.781064,487
28.34179,-16.787055,487
28.35708,-16.793072,487
28.372405,-16.796142,487
28.38162,-16.796217,487
28.393815,-16.805144,487
28.406074,-16.808184,487
28.424416,-16.817156,487
28.439782,-16.817275,487
28.455054,-16.826221,494
28.467316,-16.829257,505
28.479548,-16.835236,498
28.494855,-16.841236,515
28.504047,-16.844246,516
28.52232,-16.850324,528
28.54057,-16.856406,544
28.558813,-16.862483,562
28.567932,-16.865521,569
28.589219,-16.871621,621
28.592225,-16.874597,725
28.613552,-16.877744,1043
28.628721,-16.883775,1131
28.63783,-16.886803,1046
28.6624,-16.889895,1037
28.683906,-16.895891,879
28.696178,-16.901833,896
28.711532,-16.907793,881
28.723786,-16.916672,902
28.732984,-16.922597,989
28.748301,-16.93443,871
28.754397,-16.943275,884
28.757376,-16.957974,1009
28.748058,-16.966732,1003
28.732638,-16.966644,993
28.729555,-16.966626,961
28.711158,-16.954772,876
28.698881,-16.948827,919
28.683502,-16.945799,953
28.680469,-16.939909,985
28.65588,-16.93389,1119
28.640608,-16.924975,864
28.625279,-16.921933,934
28.619136,-16.916037,1106
28.606889,-16.913012,1040
28.58251,-16.909845,928
28.561222,-16.903757,612
28.542935,-16.900639,564
28.536869,-16.897636,552
28.518619,-16.891568,528
28.497304,-16.885465,512
28.482142,-16.876471,492
28.466901,-16.867512,487
28.454606,-16.867418,487
28.436293,-16.855507,487
28.420958,-16.852445,502
28.411802,-16.846488,487
28.396469,-16.843425,496
28.378064,-16.840336,488
28.36891,-16.834378,487
28.347435,-16.831262,510
28.332143,-16.825247,499
28.319891,-16.8222,493
28.310711,-16.819178,487
28.292387,-16.810186,487
28.277072,-16.807102,487
28.264859,-16.801102,487
28.246474,-16.797987,487
28.237297,-16.794957,491
28.225085,-16.788954,487
28.206664,-16.788781,487
28.185235,-16.782697,487
28.176024,-16.782612,487
28.160737,-16.776582,487
28.154596,-16.776525,487
28.114817,-16.764366,487
28.099502,-16.761264,487
28.093396,-16.758257,487
28.081184,-16.752242,487
28.062832,-16.746165,492
28.047549,-16.740119,714
28.035302,-16.737048,638
28.023022,-16.73692,587
28.007773,-16.727928,572
27.992457,-16.724822,563
27.977141,-16.721714,555
27.967998,-16.715727,544
27.958822,-16.712684,533
27.937434,-16.70362,539
27.922118,-16.700508,553
27.906838,-16.694462,649
27.891524,-16.691356,654
27.879281,-16.688283,584
27.867038,-16.685209,574
27.854832,-16.679196,677
27.84259,-16.676121,590
27.836524,-16.670177,605
27.818108,-16.669968,602
27.805867,-16.666891,698
27.787527,-16.660804,638
27.775173,-16.666537,660
27.775059,-16.67535,841
27.774869,-16.690038,723
27.783965,-16.698957,625
27.802282,-16.708004,631
27.817633,-16.70818,628
27.829879,-16.711265,705
27.848198,-16.720308,529
27.869689,-16.720548,517
27.884937,-16.729553,507
27.897218,-16.729688,506
27.915604,-16.732835,522
27.92478,-16.735877,511
27.949273,-16.742023,519
27.96152,-16.745099,547
27.967627,-16.748109,552
27.985981,-16.754192,534
27.998228,-16.757266,545
28.022722,-16.763411,529
28.038006,-16.769457,487
28.053323,-16.772559,487
28.068606,-16.778607,487
28.083955,-16.778766,487
28.10234,-16.7819,487
28.114552,-16.787912,487
28.132972,-16.788094,487
28.145253,-16.788211,487
28.16361,-16.79427,487
28.185039,-16.800356,487
28.197255,-16.806356,487
28.209468,-16.81236,487
28.218645,-16.815391,519
28.233927,-16.821422,491
28.25842,-16.827536,487
28.270699,-16.82765,487
28.292088,-16.836674,509
28.310478,-16.839779,513
28.328807,-16.848764,618
28.350281,-16.851882,518
28.362507,-16.857865,500
28.374765,-16.860906,495
28.390098,-16.863971,508
28.405399,-16.869977,504
28.420654,-16.878931,490
28.438965,-16.887918,515
28.454244,-16.893931,487
28.475713,-16.897043,499
28.481835,-16.897101,505
28.509224,-16.906207,527
28.52752,-16.909328,542
28.539609,-16.918276,564
28.557804,-16.927276,703
28.56683,-16.936187,716
28.566647,-16.947952,696
28.557395,-16.953751,757
28.542123,-16.953612,748
28.529903,-16.9535,723
28.511658,-16.947447,629
28.499432,-16.947333,544
28.487248,-16.944275,538
28.475141,-16.935332,517
28.453721,-16.929277,495
28.44762,-16.926285,487
28.435416,-16.920299,510
28.42014,-16.914288,518
28.404821,-16.911221,527
28.386514,-16.902236,547
28.374267,-16.89919,578
28.358948,-16.896119,574
28.343628,-16.893047,629
28.337525,-16.890049,591
28.316103,-16.883977,560
28.291624,-16.877864,533
28.27327,-16.871814,533
28.25792,-16.871673,536
28.248777,-16.865704,502
28.230391,-16.862591,496
28.215141,-16.85362,487
28.209001,-16.853562,487
28.187577,-16.847472,487
28.184541,-16.8445,487
28.163083,-16.84135,522
28.153905,-16.83832,487
28.129406,-16.832203,487
28.114089,-16.829108,487
28.104913,-16.826072,487
28.08656,-16.819998,487
28.062066,-16.813859,534
28.046816,-16.804869,501
28.037605,-16.804772,501
28.025425,-16.795814,510
28.01014,-16.789768,503
28.000963,-16.786728,505
27.985678,-16.78068,507
27.973396,-16.78055,516
27.952005,-16.77149,508
27.942794,-16.771392,513
27.921336,-16.768221,488
27.909055,-16.76809,496
27.905985,-16.768058,501
27.884528,-16.764883,504
27.866174,-16.758791,487
27.856998,-16.755744,499
27.835608,-16.74667,543
27.826397,-16.746566,554
27.807975,-16.746356,555
27.792658,-16.743236,558
27.777375,-16.73717,594
27.762033,-16.737008,584
27.755897,-16.736946,589
27.737423,-16.742646,564
27.749554,-16.754548,653
27.761756,-16.760562,575
27.773993,-16.763632,553
27.786275,-16.763774,528
27.798488,-16.769803,514
27.816877,-16.772957,519
27.826054,-16.776005,512
27.844408,-16.7821,505
27.862796,-16.78525,494
27.887324,-16.788459,487
27.893396,-16.794411,487
27.914821,-16.800527,487
27.917891,-16.80056,552
27.936246,-16.80664,487
27.945458,-16.806737,487
27.957706,-16.809811,487
27.985241,-16.818933,560
27.997489,-16.822005,632
28.006701,-16.822102,637
28.021953,-16.831093,885
28.037305,-16.831256,727
28.049519,-16.837269,595
28.067907,-16.840403,487
28.086261,-16.846478,487
28.107718,-16.849639,487
28.123034,-16.852736,581
28.132245,-16.852825,541
28.153706,-16.855973,487
28.169023,-16.859065,487
28.18741,-16.862184,487
28.202694,-16.868214,487
28.214941,-16.871272,487
28.233295,-16.877328,495
28.245543,-16.880383,516
28.263931,-16.883493,544
28.282255,-16.892482,642
28.291421,-16.895515,609
28.309713,-16.904521,578
28.328004,-16.913523,548
28.3494,-16.919605,558
28.358532,-16.925569,572
28.367746,-16.925645,562
28.386008,-16.93757,566
28.404396,-16.940662,537
28.419712,-16.943729,519
28.441129,-16.949785,487
28.45943,-16.958756,501
28.47163,-16.964736,521
28.477636,-16.973609,572
28.471366,-16.982383,650
28.449823,-16.985154,575
28.434467,-16.985032,491
28.419155,-16.981969,528
28.403845,-16.978904,540
28.391661,-16.972918,535
28.370281,-16.966846,518
28.351999,-16.957859,580
28.333713,-16.948868,601
28.318455,-16.942843,589
28.297098,-16.933815,520
28.284833,-16.933696,511
28.272602,-16.930635,507
28.254304,-16.921628,498
28.235915,-16.918518,511
28.223698,-16.912524,504
28.205341,-16.906471,518
28.186984,-16.900416,515
28.168628,-16.894359,525
28.150271,-16.8883,500
28.134952,-16.885209,532
28.119634,-16.882116,511
28.107387,-16.879052,521
28.085962,-16.872951,487
28.070644,-16.869852,487
28.055359,-16.86381,487
28.049252,-16.860804,487
28.03697,-16.860676,487
28.015577,-16.851623,530
28.006399,-16.848583,574
27.987975,-16.848386,487
27.972688,-16.842338,487
27.960439,-16.839265,487
27.942014,-16.839068,487
27.920553,-16.835898,487
27.902197,-16.829817,487
27.880703,-16.829585,487
27.877633,-16.829552,487
27.862315,-16.826443,487
27.853138,-16.8234,487
27.834784,-16.817312,489
27.819466,-16.814197,497
27.807252,-16.808171,492
27.795004,-16.805088,487
27.78279,-16.79906,491
27.767477,-16.795947,503
27.746071,-16.789838,534
27.736868,-16.789742,555
27.715502,-16.780687,544
27.70327,-16.777615,531
27.684836,-16.780362,683
27.684616,-16.798004,582
27.696818,-16.804026,550
27.712122,-16.807139,571
27.724321,-16.813154,580
27.736556,-16.816226,525
27.748757,-16.82224,513
27.764063,-16.825343,508
27.785481,-16.831466,489
27.803803,-16.840504,487
27.828332,-16.843721,487
27.84058,-16.846798,487
27.855864,-16.852851,487
27.877324,-16.856027,487
27.901822,-16.862175,487
27.914037,-16.86819,487
27.935465,-16.874301,487
27.947715,-16.877372,487
27.956895,-16.880413,487
27.978257,-16.892408,487
27.996683,-16.892605,487
28.012038,-16.892768,487
28.033466,-16.898875,487
28.048786,-16.901976,487
28.067177,-16.905107,487
28.082529,-16.905264,487
28.094745,-16.91127,487
28.116203,-16.914428,487
28.125381,-16.917461,487
28.143738,-16.92352,500
28.149879,-16.92358,498
28.168237,-16.929638,531
28.189666,-16.935722,514
28.204986,-16.938807,507
28.223344,-16.944859,502
28.226349,-16.950767,503
28.247752,-16.956861,574
28.259951,-16.962862,536
28.272183,-16.965921,520
28.287375,-16.977826,534
28.293402,-16.986702,536
28.296328,-16.998485,549
28.290091,-17.007241,551
28.271624,-17.012943,569
28.259393,-17.009888,572
28.244128,-17.003863,564
28.234961,-17.000835,559
28.213592,-16.991807,537
28.192184,-16.985715,530
28.173761,-16.985538,527
28.161542,-16.979543,514
28.149292,-16.976486,510
28.127828,-16.973338,487
28.118617,-16.973246,505
28.103363,-16.964275,503
28.081901,-16.961118,487
28.066614,-16.955082,487
28.051293,-16.951984,487
28.039042,-16.948918,487
28.017611,-16.942814,487
27.999318,-16.930861,487
27.980958,-16.924785,487
27.95956,-16.915733,487
27.941234,-16.906715,487
27.935091,-16.906649,487
27.922807,-16.906519,487
27.901343,-16.903348,487
27.889093,-16.900275,487
27.864594,-16.894126,535
27.852345,-16.89105,506
27.833954,-16.887906,499
27.82174,-16.881888,487
27.803351,-16.878741,519
27.794174,-16.875697,509
27.775854,-16.866664,517
27.757473,-16.863521,657
27.739125,-16.857431,512
27.726881,-16.854349,541
27.708571,-16.845317,553
27.693259,-16.842198,559
27.677985,-16.836138,569
27.668813,-16.83309,587
27.650394,-16.83287,852
27.64107,-16.841576,827
27.640993,-16.847454,739
27.650012,-16.862259,568
27.665363,-16.862443,544
27.674498,-16.86843,525
27.695953,-16.871623,535
27.705127,-16.874671,547
27.720479,-16.87485,562
27.738825,-16.880939,597
27.751031,-16.886955,515
27.760243,-16.887061,518
27.781677,-16.893197,535
27.803142,-16.896385,563
27.821428,-16.908353,487
27.83064,-16.908456,487
27.842821,-16.917412,487
27.864284,-16.920589,487
27.873463,-16.92363,487
27.891787,-16.932651,487
27.910146,-16.938729,487
27.922364,-16.94474,487
27.937653,-16.950783,487
27.946834,-16.95382,487
27.968268,-16.95993,487
27.974411,-16.959996,487
27.995878,-16.963164,487
28.014272,-16.966297,487
28.026524,-16.969365,487
28.041847,-16.972464,487
28.057102,-16.981439,487
28.066315,-16.981534,492
28.081604,-16.987568,504
28.099963,-16.993632,487
28.115316,-16.993786,487
28.130572,-17.002753,488
28.148998,-17.002932,512
28.16432,-17.006018,522
28.179668,-17.006169,533
28.191873,-17.012169,537
28.204076,-17.018168,548
28.216348,-17.018288,557
28.23165,-17.021375,588
28.243815,-17.030306,710
28.252911,-17.039206,744
28.252806,-17.048017,644
28.24964,-17.056796,620
28.231205,-17.059558,639
28.215867,-17.059412,599
28.200561,-17.056327,614
28.188322,-17.053272,588
28.166875,-17.050124,561
28.151599,-17.044096,517
28.133217,-17.040974,520
28.117993,-17.029073,496
28.105775,-17.023075,487
28.093524,-17.020014,487
28.078202,-17.016921,487
28.065984,-17.01092,487
28.062913,-17.010888,487
28.050661,-17.007824,487
28.035338,-17.004727,487
28.016976,-16.998658,487
28.001651,-16.995558,487
27.983289,-16.989486,487
27.961786,-16.989257,487
27.949499,-16.989125,487
27.934174,-16.986023,487
27.921921,-16.982953,487
27.900488,-16.976844,487
27.888236,-16.973771,487
27.872947,-16.967726,487
27.857658,-16.961678,487
27.842367,-16.955626,487
27.830114,-16.952546,544
27.814823,-16.946492,487
27.793387,-16.940364,487
27.778061,-16.937245,487
27.765805,-16.934159,487
27.750511,-16.928097,513
27.738291,-16.922069,487
27.72907,-16.921957,487
27.710757,-16.912928,549
27.704614,-16.912856,487
27.69544,-16.90981,544
27.670991,-16.900707,521
27.652646,-16.894612,539
27.631233,-16.888478,562
27.615921,-16.885355,580
27.600568,-16.885168,619
27.600361,-16.899854,602
27.606336,-16.911678,586
27.615508,-16.914728,563
27.636966,-16.917926,553
27.649129,-16.926887,570
27.661375,-16.929972,626
27.667478,-16.932983,648
27.679765,-16.933129,588
27.698116,-16.939222,487
27.707293,-16.942269,487
27.728738,-16.94841,487
27.740996,-16.951498,487
27.756256,-16.960499,487
27.768514,-16.963585,487
27.777661,-16.969571,487
27.796099,-16.969787,487
27.808355,-16.972868,487
27.82672,-16.978957,487
27.842048,-16.982071,487
27.85734,-16.988122,487
27.869595,-16.991199,487
27.891032,-16.997315,487
27.900214,-17.000355,487
27.912467,-17.003426,487
27.933936,-17.006595,487
27.94619,-17.009664,487
27.958478,-17.009795,487
27.97377,-17.015836,487
27.986024,-17.018905,487
28.001349,-17.022005,487
28.019679,-17.031012,487
28.038076,-17.034141,487
28.050295,-17.040143,487
28.065619,-17.043237,487
28.077771,-17.055112,503
28.08999,-17.06111,571
28.102208,-17.067107,656
28.114426,-17.073103,527
28.132783,-17.079159,529
28.144994,-17.085154,593
28.151034,-17.094022,567
28.144729,-17.108643,617
28.129381,-17.108493,542
28.123241,-17.108432,526
28.098671,-17.108191,506
28.086385,-17.108069,489
28.06188,-17.10195,488
28.037406,-17.09289,504
28.019009,-17.089764,509
28.000678,-17.080761,506
27.982278,-17.077631,524
27.973129,-17.071659,496
27.957802,-17.068559,495
27.936395,-17.059514,487
27.918027,-17.053438,487
27.90577,-17.050366,487
27.887367,-17.047225,487
27.875109,-17.044151,487
27.859814,-17.038104,487
27.84141,-17.034958,487
27.829116,-17.034819,487
27.807637,-17.031635,487
27.789303,-17.022608,487
27.780118,-17.019562,487
27.758635,-17.016371,487
27.743335,-17.010312,487
27.734148,-17.007263,487
27.712735,-16.998188,487
27.700473,-16.9951,487
27.685172,-16.989034,500
27.672871,-16.988883,512
27.65139,-16.985682,527
27.626849,-16.982447,686
27.605423,-16.976308,696
27.59318,-16.973221,803
27.580944,-16.970136,785
27.571357,-16.996467,793
27.586245,-17.028974,528
27.610824,-17.029274,505
27.629237,-17.032441,495
27.641543,-17.032593,488
27.672267,-17.03591,487
27.693761,-17.03911,487
27.706027,-17.042197,487
27.721367,-17.04532,487
27.736635,-17.054319,487
27.748936,-17.054464,487
27.755051,-17.057475,487
27.767351,-17.057619,487
27.79495,-17.063816,487
27.81336,-17.066965,487
27.822582,-17.06707,487
27.837916,-17.070182,487
27.859363,-17.076299,487
27.874696,-17.079407,487
27.886955,-17.08248,487
27.902321,-17.082649,487
27.914512,-17.091595,487
27.926805,-17.091729,501
27.951286,-17.100805,497
27.966614,-17.103904,504
27.975797,-17.106938,550
28.000307,-17.113067,494
28.00338,-17.113099,493
28.024817,-17.119193,500
28.04011,-17.125222,493
28.052364,-17.128282,493
28.058474,-17.13128,506
28.079909,-17.137366,552
28.095233,-17.140454,517
28.098138,-17.15516,507
28.091928,-17.16097,503
28.082713,-17.160878,519
28.061211,-17.160664,595
28.042779,-17.160479,550
28.024413,-17.154421,572
28.00598,-17.154232,550
27.993725,-17.151169,608
27.972286,-17.145074,600
27.953887,-17.141945,527
27.941698,-17.133008,542
27.920254,-17.126905,675
27.90796,-17.126773,653
27.883437,-17.120632,498
27.868102,-17.117526,487
27.846585,-17.117288,487
27.840472,-17.114282,487
27.818953,-17.11404,487
27.806726,-17.108027,487
27.78524,-17.104844,487
27.772976,-17.101765,487
27.75767,-17.095711,487
27.748479,-17.092665,487
27.723875,-17.092376,487
27.705455,-17.089219,487
27.687069,-17.083121,487
27.668682,-17.077021,519
27.650294,-17.070918,487
27.638023,-17.067828,487
27.625751,-17.064737,487
27.60736,-17.058629,491
27.592008,-17.055497,503
27.57064,-17.046419,524
27.558357,-17.046268,531
27.54616,-17.04024,545
27.524757,-17.034097,783
27.512522,-17.031006,749
27.500288,-17.027914,711
27.475781,-17.024667,779
27.481698,-17.039433,771
27.490774,-17.048364,667
27.503008,-17.051456,593
27.512126,-17.057448,556
27.530501,-17.060616,532
27.545854,-17.060807,522
27.561074,-17.069813,507
27.567217,-17.069889,507
27.579467,-17.07298,497
27.591703,-17.079013,487
27.60398,-17.082106,487
27.619338,-17.085236,487
27.643854,-17.094356,487
27.653049,-17.097407,487
27.674551,-17.100606,487
27.689862,-17.106667,487
27.702131,-17.109751,487
27.720482,-17.118783,487
27.723558,-17.118819,487
27.741907,-17.127848,487
27.766406,-17.136944,487
27.778671,-17.140022,487
27.790935,-17.143099,487
27.812353,-17.152153,487
27.821542,-17.155193,487
27.83992,-17.161271,561
27.858336,-17.164409,617
27.8706,-17.167478,666
27.879722,-17.176384,569
27.879621,-17.185189,514
27.861174,-17.184991,505
27.8581,-17.184958,531
27.8458,-17.184824,529
27.824273,-17.184588,519
27.812006,-17.181516,509
27.802782,-17.181413,487
27.778217,-17.178199,545
27.769026,-17.175158,536
27.753683,-17.172046,487
27.735298,-17.16596,487
27.719952,-17.162845,487
27.710759,-17.1598,487
27.692367,-17.153709,487
27.680091,-17.150627,487
27.674009,-17.144678,487
27.661732,-17.141593,487
27.627863,-17.141186,487
27.621779,-17.135234,487
27.603338,-17.132069,487
27.587943,-17.13188,487
27.566506,-17.122795,489
27.548108,-17.116685,492
27.53899,-17.10775,498
27.529821,-17.104695,503
27.511529,-17.095645,514
27.499384,-17.086674,517
27.484125,-17.080602,525
27.471991,-17.092821,538
27.479848,-17.100527,524
27.497241,-17.109839,518
27.509991,-17.113073,510
27.524318,-17.11629,501
27.53546,-17.119482,498
27.543414,-17.122647,488
27.554564,-17.125853,491
27.565693,-17.130587,487
27.570448,-17.133708,487
27.5784,-17.13687,487
27.58793,-17.141582,487
27.595882,-17.144743,487
27.602214,-17.149411,487
27.610186,-17.151043,487
27.624469,-17.15887,487
27.635615,-17.16207,487
27.640389,-17.163659,487
27.646761,-17.165269,487
27.661083,-17.170035,487
27.665876,-17.170096,487
27.677001,-17.17482,487
27.686567,-17.176469,487
27.69134,-17.17806,487
27.700884,-17.181242,487
27.707273,-17.181326,487
27.716776,-17.187562,487
27.723123,-17.1907,496
27.734241,-17.195426,526
27.745397,-17.197096,532
27.754896,-17.203324,549
27.76284,-17.206475,561
27.764416,-17.208022,556
27.772379,-17.209645,558
27.777107,-17.214285,537
27.785006,-17.220493,543
27.792902,-17.2267,563
27.795982,-17.234384,570
27.792701,-17.24046,613
27.7863,-17.241906,584
27.775129,-17.243271,535
27.765551,-17.243154,539
27.755969,-17.243042,535
27.746452,-17.238341,592
27.741723,-17.2337,584
27.732224,-17.227471,548
27.72905,-17.225903,541
27.721126,-17.22122,510
27.709966,-17.21955,494
27.700423,-17.216372,487
27.690837,-17.216247,487
27.684467,-17.214637,487
27.676518,-17.211483,487
27.670167,-17.208349,487
27.659061,-17.202099,487
27.651132,-17.197415,487
27.646358,-17.195827,487
27.635191,-17.194158,487
27.625642,-17.19098,487
27.617651,-17.190878,487
27.606503,-17.187679,487
27.60015,-17.184541,487
27.59062,-17.179833,487
27.585845,-17.178243,487
27.579491,-17.175103,487
27.571539,-17.171943,487
27.563607,-17.167254,487
27.552497,-17.160993,487
27.546102,-17.160909,494
27.539748,-17.157767,518
27.526997,-17.15454,494
27.519022,-17.152904,501
27.512646,-17.151289,513
27.503095,-17.148106,505
27.495152,-17.144956,511
27.488778,-17.143343,517
27.479206,-17.141687,528
27.47285,-17.138542,546
27.46648,-17.136933,589
27.458557,-17.13225,577
27.45221,-17.129114,588
27.442691,-17.12441,554
27.431597,-17.118159,565
27.422032,-17.116506,604
27.414125,-17.111835,610
27.404577,-17.110197,615
27.393462,-17.107017,623
27.385496,-17.10693,641
27.380716,-17.106877,650
27.371158,-17.106772,670
27.361602,-17.106666,688
27.35364,-17.106578,723
27.347161,-17.112597,710
27.348644,-17.118706,725
27.353394,-17.120282,696
27.36606,-17.124998,652
27.367655,-17.125017,647
27.37401,-17.12662,632
27.383507,-17.131311,600
27.391411,-17.135984,594
27.396197,-17.136042,582
27.402555,-17.137644,580
27.413703,-17.139304,576
27.421646,-17.142461,570
27.435994,-17.145714,560
27.445529,-17.150433,627
27.456717,-17.15058,605
27.463054,-17.155256,639
27.474224,-17.156932,535
27.485302,-17.16316,511
27.49803,-17.167913,521
27.504363,-17.172581,500
27.512295,-17.177271,492
27.521809,-17.183513,490
27.529743,-17.188204,487
27.539276,-17.192916,487
27.548809,-17.197627,487
27.555164,-17.200767,487
27.564696,-17.205476,487
27.574248,-17.208657,487
27.587017,-17.210351,487
27.598187,-17.212022,487
27.60454,-17.215159,487
27.612512,-17.216789,487
27.618885,-17.218397,487
27.628414,-17.223101,487
27.634807,-17.223182,487
27.647532,-17.227925,487
27.658679,-17.231121,487
27.668206,-17.235823,487
27.677774,-17.237469,487
27.688918,-17.240664,487
27.70008,-17.242334,519
27.711201,-17.247058,506
27.719187,-17.247159,487
27.725554,-17.248767,487
27.735094,-17.251941,487
27.744633,-17.255114,512
27.757371,-17.258315,529
27.768531,-17.259971,571
27.781233,-17.264713,562
27.782826,-17.264736,561
27.790752,-17.267896,595
27.803433,-17.272645,569
27.811334,-17.277325,526
27.820805,-17.283549,634
27.82232,-17.289665,675
27.819082,-17.294195,691
27.809496,-17.297117,646
27.80472,-17.297055,635
27.791981,-17.296887,611
27.784016,-17.296782,534
27.774453,-17.296655,509
27.764871,-17.296542,496
27.753709,-17.294886,502
27.742546,-17.29323,540
27.734599,-17.290085,507
27.725034,-17.288447,538
27.718683,-17.28532,587
27.710717,-17.283697,582
27.702771,-17.280545,565
27.693207,-17.278898,547
27.685259,-17.275744,517
27.675693,-17.2741,519
27.667723,-17.272475,490
27.661392,-17.267815,487
27.651804,-17.267696,487
27.642276,-17.262996,487
27.626313,-17.261267,487
27.613544,-17.259575,487
27.599196,-17.256334,487
27.588045,-17.253136,487
27.58169,-17.249999,487
27.568939,-17.246779,487
27.556188,-17.243559,487
27.546634,-17.240379,487
27.538679,-17.237219,487
27.529125,-17.234038,487
27.51957,-17.230856,585
27.513214,-17.227716,487
27.498884,-17.222944,495
27.486176,-17.216666,505
27.476624,-17.213485,510
27.47027,-17.210345,514
27.463895,-17.208733,517
27.452765,-17.204001,523
27.438495,-17.199269,546
27.42262,-17.194508,583
27.409861,-17.191271,585
27.3987,-17.188055,604
27.390738,-17.184883,644
27.379557,-17.183194,732
27.371603,-17.183111,738
27.358939,-17.179931,683
27.314222,-17.183945,740
27.325168,-17.202431,684
27.334728,-17.202551,712
27.341069,-17.202613,722
27.355344,-17.202751,700
27.35693,-17.202766,742
27.368123,-17.202921,651
27.369723,-17.202944,679
27.376122,-17.203034,605
27.382503,-17.204654,565
27.393647,-17.209398,548
27.406373,-17.212614,669
27.412729,-17.214217,728
27.419055,-17.217341,647
27.43015,-17.22051,545
27.436525,-17.222124,516
27.444499,-17.223758,510
27.452452,-17.226919,510
27.458827,-17.228531,505
27.465201,-17.230142,508
27.471597,-17.230226,500
27.47795,-17.233364,497
27.489121,-17.235038,494
27.497116,-17.235142,491
27.503492,-17.236753,487
27.514647,-17.239957,487
27.5322,-17.243245,487
27.536936,-17.24789,487
27.544912,-17.249522,487
27.552846,-17.254208,487
27.565577,-17.258955,487
27.570354,-17.260544,487
27.576689,-17.265208,487
27.587861,-17.266879,487
27.595835,-17.268508,487
27.603789,-17.271665,487
27.610164,-17.273274,487
27.621314,-17.276471,487
27.632464,-17.279668,487
27.643591,-17.284389,487
27.651582,-17.28449,487
27.657935,-17.287623,487
27.664286,-17.290755,527
27.673853,-17.292399,566
27.681822,-17.294023,552
27.688173,-17.297155,518
27.694543,-17.29876,520
27.700912,-17.300365,578
27.708861,-17.303511,604
27.715251,-17.303587,601
27.721621,-17.305188,621
27.72959,-17.306808,617
27.734362,-17.30839,589
27.743886,-17.311575,512
27.751791,-17.31626,500
27.76292,-17.319444,615
27.770857,-17.322589,661
27.786728,-17.328876,644
27.791473,-17.331981,657
27.799369,-17.33817,718
27.796144,-17.341179,725
27.792937,-17.342665,727
27.71177,-17.324916,677
27.694201,-17.324699,590
27.683077,-17.319987,541
27.671974,-17.313744,526
27.665582,-17.313665,534
27.657612,-17.31204,497
27.654415,-17.312,487
27.648043,-17.310394,487
27.641669,-17.308788,487
27.633718,-17.305635,487
27.622568,-17.302441,490
27.613016,-17.299267,487
27.60664,-17.297659,487
27.59393,-17.291389,487
27.585976,-17.288234,487
27.57958,-17.288152,487
27.571666,-17.281942,487
27.56527,-17.28186,487
27.552578,-17.27406,487
27.546202,-17.27245,487
27.535047,-17.26925,487
27.527092,-17.266091,487
27.519115,-17.264459,487
27.511137,-17.262826,487
27.498423,-17.256547,487
27.488886,-17.251837,487
27.476135,-17.248615,491
27.464984,-17.245413,502
27.453855,-17.240685,501
27.445904,-17.237524,505
27.437974,-17.232837,517
27.426824,-17.229634,529
27.422049,-17.228042,537
27.414116,-17.224891,636
27.402938,-17.224749,587
27.393358,-17.224627,560
27.39173,-17.226129,528
27.401187,-17.23388,596
27.407503,-17.23854,561
27.412276,-17.24013,567
27.420229,-17.243292,545
27.432979,-17.246517,500
27.439332,-17.249657,499
27.45206,-17.254407,492
27.46159,-17.259115,495
27.466345,-17.262232,499
27.474299,-17.265392,487
27.482237,-17.270081,487
27.498153,-17.276403,487
27.506069,-17.282617,487
27.525182,-17.288976,487
27.536317,-17.293703,487
27.549071,-17.296922,487
27.560226,-17.30012,487
27.572958,-17.304864,487
27.588827,-17.314226,487
27.598402,-17.315876,487
27.611139,-17.320621,487
27.623909,-17.32231,487
27.635041,-17.327032,487
27.641412,-17.328635,487
27.649401,-17.328731,487
27.662124,-17.333461,527
27.674847,-17.338199,588
27.686009,-17.339865,605
27.689164,-17.342954,627
27.698688,-17.347643,696
27.706575,-17.355363,677
27.70807,-17.363007,666
27.698464,-17.364419,734
27.687262,-17.365811,745
27.679256,-17.367239,739
27.674465,-17.367181,729
27.668074,-17.367103,674
27.656888,-17.366966,554
27.650534,-17.363837,548
27.642619,-17.357634,535
27.629916,-17.351377,527
27.618812,-17.345139,504
27.609287,-17.340445,533
27.602916,-17.338842,551
27.590189,-17.334104,552
27.58701,-17.332537,546
27.575855,-17.329341,489
27.569477,-17.327733,487
27.563099,-17.326124,487
27.556719,-17.324515,487
27.545576,-17.319788,487
27.539212,-17.316649,487
27.526432,-17.314955,487
27.518494,-17.31027,487
27.507316,-17.308597,487
27.494579,-17.303849,487
27.483399,-17.302174,487
27.475461,-17.297487,487
27.462743,-17.291208,487
27.454804,-17.286519,487
27.443715,-17.278735,487
27.435805,-17.272521,487
27.429473,-17.267854,501
27.416743,-17.263102,495
27.408789,-17.25994,501
27.399257,-17.255228,509
27.389714,-17.252048,510
27.378609,-17.247325,521
27.36753,-17.241077,550
27.356404,-17.23788,547
27.334158,-17.231485,688
27.326192,-17.231386,716
27.321362,-17.234377,744
27.321288,-17.237419,712
27.327486,-17.248179,599
27.333852,-17.249792,543
27.338591,-17.252907,545
27.344926,-17.256042,506
27.349641,-17.260683,540
27.3576,-17.262314,509
27.368704,-17.267039,493
27.378215,-17.271744,511
27.389325,-17.278006,503
27.40048,-17.281211,487
27.408435,-17.284374,493
27.422812,-17.286094,487
27.42761,-17.286158,495
27.437186,-17.287813,501
27.448298,-17.29407,487
27.456237,-17.298759,487
27.468956,-17.305038,487
27.472156,-17.30508,487
27.483274,-17.311336,487
27.495991,-17.317612,487
27.508728,-17.322359,487
27.519864,-17.327085,487
27.524622,-17.3302,487
27.534184,-17.333378,487
27.543745,-17.336556,487
27.551705,-17.339711,502
27.564443,-17.344454,550
27.5724,-17.347608,544
27.578757,-17.350741,532
27.58987,-17.356985,494
27.601001,-17.361702,487
27.613703,-17.367961,514
27.623231,-17.372656,557
27.629607,-17.37426,568
27.635965,-17.377389,581
27.650276,-17.383663,652
27.651874,-17.383683,680
27.664558,-17.391457,680
27.670888,-17.396104,682
27.677216,-17.40075,692
27.683542,-17.405395,694
27.680289,-17.409929,701
27.670707,-17.409816,714
27.664318,-17.409742,701
27.651576,-17.406547,665
27.638867,-17.4003,617
27.624553,-17.39403,502
27.615032,-17.387814,506
27.607078,-17.384664,487
27.594371,-17.378403,487
27.589571,-17.378344,487
27.581614,-17.375193,487
27.575234,-17.373587,487
27.567275,-17.370434,490
27.557718,-17.367261,505
27.54814,-17.365614,514
27.540183,-17.36246,523
27.532204,-17.360831,501
27.525846,-17.357697,488
27.517888,-17.354541,487
27.505172,-17.34827,487
27.495592,-17.346619,487
27.490854,-17.341977,487
27.484474,-17.340367,487
27.476536,-17.335682,487
27.465334,-17.335535,487
27.457395,-17.330848,487
27.451014,-17.329237,487
27.435093,-17.322915,504
27.430313,-17.321324,511
27.422394,-17.315108,507
27.409659,-17.310355,502
27.403281,-17.308742,506
27.396925,-17.305602,514
27.390547,-17.303988,519
27.384169,-17.302375,517
27.371435,-17.297619,530
27.363501,-17.292928,575
27.350809,-17.28665,593
27.344471,-17.283512,503
27.331769,-17.278763,525
27.325453,-17.274097,584
27.312615,-17.276975,609
27.312512,-17.283079,584
27.317178,-17.290776,540
27.320375,-17.29082,538
27.326744,-17.292434,513
27.334635,-17.298648,530
27.347388,-17.300345,604
27.353742,-17.303487,618
27.35692,-17.305058,626
27.364854,-17.309749,535
27.377566,-17.316032,519
27.382344,-17.317624,514
27.391922,-17.31928,529
27.3967,-17.320872,515
27.407833,-17.325603,505
27.420575,-17.330357,519
27.431719,-17.335088,490
27.444441,-17.341367,487
27.452424,-17.343,487
27.460363,-17.347686,487
27.466744,-17.349297,487
27.473125,-17.350907,487
27.482664,-17.355612,487
27.490602,-17.360296,487
27.50172,-17.366547,487
27.508078,-17.369682,487
27.519217,-17.374405,487
27.527175,-17.377559,487
27.536713,-17.38226,487
27.541492,-17.383847,487
27.552628,-17.388566,487
27.563785,-17.391758,487
27.574941,-17.39495,487
27.584518,-17.396595,487
27.594074,-17.399765,487
27.603596,-17.405982,487
27.608397,-17.406039,498
27.614759,-17.409164,509
27.625917,-17.412344,621
27.63865,-17.417065,678
27.649799,-17.42024,665
27.660942,-17.423419,685
27.668908,-17.425042,700
27.678412,-17.431253,681
27.689574,-17.432911,665
27.697503,-17.437583,670
27.702238,-17.442216,644
27.708611,-17.443819,631
27.719721,-17.450055,607
27.718065,-17.454612,620
27.714849,-17.456099,652
27.708455,-17.456021,587
27.702062,-17.455943,614
27.694071,-17.455845,602
27.684523,-17.452677,562
27.678151,-17.451078,594
27.670202,-17.447934,641
27.659078,-17.443227,667
27.646336,-17.440024,659
27.641588,-17.436908,655
27.628861,-17.43219,648
27.616125,-17.427473,635
27.603403,-17.421229,532
27.59704,-17.418105,487
27.582684,-17.414878,487
27.573106,-17.413235,487
27.569926,-17.411671,487
27.558766,-17.408481,487
27.549186,-17.406836,487
27.541242,-17.402159,487
27.534863,-17.400553,487
27.525325,-17.395853,487
27.507827,-17.387998,487
27.498267,-17.384822,487
27.487106,-17.381625,487
27.480746,-17.37849,487
27.472742,-17.378386,487
27.466359,-17.376776,487
27.458397,-17.373618,487
27.448833,-17.370439,487
27.444073,-17.367322,487
27.434509,-17.364142,487
27.423386,-17.357885,487
27.421784,-17.357864,487
27.409104,-17.348531,495
27.397938,-17.345326,487
27.388399,-17.340615,497
27.382066,-17.335947,501
27.374087,-17.334312,503
27.362954,-17.329579,507
27.351844,-17.323318,522
27.342265,-17.321659,568
27.335886,-17.320044,620
27.326308,-17.318384,538
27.318339,-17.316748,539
27.307224,-17.312015,540
27.303948,-17.316551,546
27.311864,-17.32124,569
27.319781,-17.32593,552
27.330941,-17.32914,549
27.337322,-17.330755,530
27.340523,-17.330799,523
27.353234,-17.337083,510
27.365945,-17.343366,502
27.373902,-17.346528,498
27.380258,-17.349669,496
27.393001,-17.354423,500
27.399342,-17.359091,487
27.405726,-17.360704,487
27.41211,-17.362316,487
27.420052,-17.367004,487
27.4344,-17.371776,487
27.442342,-17.376461,487
27.448704,-17.379599,487
27.453508,-17.379662,487
27.459847,-17.384325,487
27.467788,-17.389009,487
27.477351,-17.392186,487
27.488515,-17.395383,507
27.494897,-17.396992,487
27.501299,-17.397074,487
27.51086,-17.400248,492
27.517221,-17.403382,499
27.518785,-17.406453,495
27.536294,-17.414302,509
27.547437,-17.419017,487
27.555398,-17.422166,494
27.566557,-17.425354,487
27.572936,-17.426957,487
27.585654,-17.433211,506
27.591993,-17.437861,530
27.601533,-17.442546,577
27.611113,-17.444177,624
27.631809,-17.450525,617
27.64453,-17.455261,607
27.650923,-17.455336,620
27.657275,-17.458462,610
27.663628,-17.461588,606
27.673116,-17.469328,512
27.669879,-17.472342,506
27.661887,-17.47225,513
27.653894,-17.472157,517
27.639547,-17.468936,610
27.631595,-17.46579,578
27.622024,-17.464148,594
27.612513,-17.459432,626
27.602978,-17.45475,618
27.598197,-17.453173,565
27.587063,-17.448468,487
27.580724,-17.443819,487
27.572785,-17.43915,487
27.568044,-17.434519,487
27.560047,-17.43442,487
27.550525,-17.428204,487
27.544163,-17.425076,487
27.537801,-17.421946,492
27.526657,-17.417231,500
27.520275,-17.415626,496
27.509127,-17.410908,487
27.507527,-17.410888,487
27.499579,-17.406209,487
27.494795,-17.404622,487
27.482069,-17.398354,494
27.472506,-17.395177,487
27.466144,-17.392041,487
27.458203,-17.387358,487
27.448617,-17.385705,487
27.440676,-17.381021,487
27.431089,-17.379367,487
27.426306,-17.377777,487
27.4199,-17.377692,487
27.408689,-17.377543,487
27.403884,-17.377479,487
27.391092,-17.375781,487
27.386308,-17.374189,487
27.378342,-17.371027,489
27.362418,-17.364702,498
27.351282,-17.359968,505
27.343395,-17.352223,513
27.332259,-17.347488,516
27.325875,-17.345872,538
27.311482,-17.344145,537
27.306676,-17.344078,547
27.298649,-17.345494,654
27.295423,-17.346977,653
27.290519,-17.353019,665
27.296847,-17.35769,546
27.308039,-17.359373,541
27.316026,-17.361011,526
27.328819,-17.362715,519
27.333624,-17.362781,519
27.344784,-17.365989,504
27.360747,-17.369262,496
27.362348,-17.369283,497
27.37031,-17.372446,494
27.38148,-17.375652,487
27.394229,-17.380405,487
27.405354,-17.386662,487
27.411673,-17.392855,487
27.419616,-17.397541,487
27.427603,-17.399173,487
27.437152,-17.403878,487
27.443522,-17.407014,487
27.44991,-17.408623,487
27.459446,-17.41485,487
27.468999,-17.41955,487
27.48015,-17.42427,487
27.494434,-17.433606,487
27.515147,-17.44149,487
27.521532,-17.443094,487
27.534298,-17.446299,487
27.539102,-17.446356,487
27.5455,-17.446435,487
27.553498,-17.446534,497
27.559858,-17.44966,512
27.570977,-17.45589,487
27.575736,-17.458995,487
27.585292,-17.462157,513
27.593247,-17.465299,596
27.60122,-17.46692,608
27.613923,-17.471682,568
27.62341,-17.479431,550
27.624903,-17.487082,492
27.6248,-17.494708,526
27.615203,-17.494595,487
27.602446,-17.491396,487
27.594492,-17.488246,521
27.581817,-17.480444,555
27.575444,-17.478837,487
27.562716,-17.474102,577
27.554778,-17.469432,487
27.546817,-17.466287,487
27.530893,-17.459995,487
27.529314,-17.45845,487
27.519748,-17.455283,487
27.510182,-17.452116,487
27.503795,-17.450513,487
27.492624,-17.447324,487
27.484656,-17.444174,487
27.476664,-17.442549,487
27.470298,-17.439417,487
27.459096,-17.437751,487
27.451151,-17.43307,487
27.443164,-17.43144,487
27.435177,-17.42981,487
27.430415,-17.426694,487
27.416021,-17.42498,487
27.411237,-17.42339,487
27.406454,-17.4218,487
27.395305,-17.417072,487
27.387339,-17.413912,487
27.37935,-17.412279,487
27.373007,-17.407612,487
27.366619,-17.405999,487
27.358673,-17.401311,487
27.341159,-17.393436,495
27.328392,-17.390207,530
27.315621,-17.386976,518
27.306078,-17.382262,522
27.296487,-17.380601,529
27.288522,-17.377435,539
27.275726,-17.375729,551
27.269348,-17.374111,564
27.266148,-17.374066,570
27.255004,-17.370854,582
27.248606,-17.370764,622
27.242185,-17.375256,661
27.242022,-17.38442,602
27.249905,-17.38759,561
27.254678,-17.389185,555
27.261057,-17.390803,547
27.269023,-17.39397,543
27.280219,-17.395654,536
27.285004,-17.397248,531
27.294596,-17.398909,528
27.305745,-17.403646,526
27.320101,-17.408425,503
27.328092,-17.410062,491
27.337663,-17.413247,487
27.347235,-17.416431,487
27.358409,-17.419635,487
27.366377,-17.422796,487
27.374345,-17.425957,487
27.38712,-17.429181,487
27.398247,-17.435436,487
27.404633,-17.437046,487
27.411019,-17.438657,487
27.423747,-17.44493,487
27.431735,-17.44656,487
27.436476,-17.451202,487
27.450806,-17.457492,487
27.465156,-17.462254,487
27.471562,-17.462335,487
27.482687,-17.468581,487
27.489093,-17.46866,487
27.497062,-17.471809,487
27.509816,-17.476541,487
27.5146,-17.478124,487
27.520987,-17.479725,487
27.530555,-17.48289,487
27.546486,-17.48767,487
27.557663,-17.489336,531
27.564042,-17.490941,487
27.571983,-17.49561,487
27.576764,-17.497191,495
27.583125,-17.500316,557
27.594265,-17.50502,575
27.603844,-17.506657,542
27.611823,-17.508274,517
27.619761,-17.512939,574
27.626098,-17.517584,578
27.635614,-17.523789,572
27.646728,-17.530011,523
27.651404,-17.539207,616
27.651364,-17.542254,645
27.641769,-17.542143,635
27.636972,-17.542088,573
27.630575,-17.542014,590
27.617839,-17.537298,550
27.606702,-17.532598,548
27.597123,-17.530963,576
27.582783,-17.526225,616
27.56526,-17.519922,618
27.554097,-17.516741,602
27.536589,-17.508909,630
27.525442,-17.504201,495
27.514291,-17.499493,487
27.504742,-17.494801,487
27.495177,-17.49163,487
27.487213,-17.488479,510
27.476002,-17.488339,487
27.461673,-17.482054,487
27.452105,-17.47888,487
27.442515,-17.477232,487
27.428162,-17.472469,487
27.415388,-17.469251,487
27.399433,-17.464463,487
27.391488,-17.459779,488
27.378713,-17.456557,505
27.372347,-17.453419,510
27.364357,-17.451786,495
27.343631,-17.443875,487
27.337264,-17.440735,487
27.326089,-17.437529,491
27.319745,-17.432861,500
27.311753,-17.431225,498
27.307012,-17.426578,504
27.300601,-17.42649,504
27.292608,-17.424853,513
27.286241,-17.42171,513
27.273439,-17.420005,525
27.26224,-17.418322,530
27.254241,-17.416684,537
27.250449,-17.433491,524
27.258635,-17.441536,521
27.265488,-17.446929,520
27.269611,-17.449639,513
27.273751,-17.451025,509
27.280663,-17.45245,512
27.288955,-17.453889,503
27.298642,-17.455358,499
27.308325,-17.456822,499
27.316604,-17.459591,496
27.323515,-17.461014,491
27.329022,-17.463742,487
27.335951,-17.463842,487
27.342845,-17.466592,504
27.349738,-17.469341,514
27.359399,-17.472125,508
27.363555,-17.472182,494
27.369057,-17.474904,489
27.378735,-17.47636,487
27.389762,-17.480487,487
27.398056,-17.481928,487
27.406331,-17.484691,487
27.417375,-17.487493,487
27.424301,-17.48759,487
27.43117,-17.491653,487
27.440846,-17.49311,487
27.447733,-17.49585,487
27.455967,-17.501252,487
27.461468,-17.503971,487
27.468336,-17.508035,487
27.477974,-17.512149,497
27.491707,-17.520287,569
27.499956,-17.524373,540
27.510971,-17.528496,583
27.519198,-17.5339,547
27.528807,-17.539319,583
27.538449,-17.542112,596
27.543945,-17.544823,607
27.553567,-17.548922,588
27.560465,-17.55033,582
27.568705,-17.554402,615
27.576949,-17.558463,594
27.585156,-17.565164,596
27.582293,-17.571733,607
27.573942,-17.575579,606
27.567033,-17.575477,586
27.560159,-17.572739,625
27.553308,-17.567392,591
27.540952,-17.56063,598
27.527179,-17.556468,577
27.514784,-17.552329,550
27.498196,-17.55075,530
27.48712,-17.550592,497
27.476118,-17.545149,499
27.46229,-17.543643,519
27.448514,-17.538157,487
27.437509,-17.53272,487
27.427889,-17.5273,487
27.421039,-17.521918,487
27.414189,-17.516534,487
27.408723,-17.511169,487
27.39912,-17.504423,487
27.381184,-17.498879,487
27.367388,-17.49472,489
27.35219,-17.491866,510
27.338395,-17.487706,523
27.324573,-17.484859,507
27.309342,-17.48331,505
27.30106,-17.48054,499
27.291391,-17.477748,503
27.281732,-17.474967,507
27.27346,-17.472206,511
27.267994,-17.466836,517
27.255542,-17.465333,519
27.247157,-17.470509,544
27.241545,-17.475726,546
27.238636,-17.484941,548
27.242784,-17.484994,539
27.256639,-17.485192,521
27.26632,-17.486654,517
27.277386,-17.488136,509
27.289803,-17.492284,512
27.300879,-17.493774,509
27.31192,-17.497913,513
27.32296,-17.502051,560
27.328464,-17.506118,550
27.335335,-17.510183,528
27.340856,-17.511581,510
27.353195,-17.51967,509
27.360058,-17.523724,489
27.368285,-17.529116,487
27.377957,-17.530564,487
27.387582,-17.53599,487
27.395896,-17.536107,487
27.404155,-17.540194,487
27.416551,-17.54566,487
27.419318,-17.545692,487
27.42622,-17.5471,487
27.433108,-17.549838,534
27.446883,-17.555312,543
27.45653,-17.559435,487
27.463429,-17.560829,487
27.471699,-17.563581,490
27.481355,-17.56636,511
27.495127,-17.571858,567
27.50476,-17.575947,561
27.513008,-17.580016,520
27.52813,-17.586848,521
27.540493,-17.593597,540
27.547353,-17.597649,559
27.551408,-17.604304,622
27.540341,-17.604158,625
27.527889,-17.603994,561
27.518202,-17.603871,564
27.507169,-17.601099,600
27.498885,-17.599664,608
27.490619,-17.596907,558
27.480987,-17.592812,498
27.474105,-17.590083,487
27.463094,-17.584617,493
27.450733,-17.577863,534
27.443886,-17.571126,487
27.434285,-17.564388,563
27.421875,-17.560254,487
27.417746,-17.558888,487
27.412251,-17.556183,487
27.406728,-17.554783,487
27.399838,-17.552041,487
27.390176,-17.549259,487
27.377732,-17.546427,487
27.365313,-17.54228,487
27.350124,-17.538097,487
27.343193,-17.537997,487
27.332165,-17.533877,487
27.325271,-17.532472,487
27.321121,-17.53242,494
27.315589,-17.53235,498
27.305978,-17.528274,510
27.293564,-17.524129,543
27.285263,-17.522683,580
27.274223,-17.518548,534
27.263153,-17.515726,550
27.252135,-17.508934,521
27.245227,-17.506177,536
27.235515,-17.506029,531
27.229946,-17.507267,533
27.232629,-17.513925,542
27.239494,-17.519322,530
27.250543,-17.523463,528
27.256044,-17.527519,536
27.267116,-17.530339,636
27.274021,-17.533093,632
27.286459,-17.537256,581
27.291974,-17.53865,555
27.303023,-17.540118,507
27.314009,-17.545544,489
27.32227,-17.548292,501
27.329167,-17.549701,498
27.34019,-17.553817,487
27.349836,-17.55792,487
27.358117,-17.560684,487
27.365031,-17.562107,487
27.371907,-17.566172,487
27.382963,-17.568979,491
27.396757,-17.574474,526
27.406361,-17.581216,570
27.414622,-17.583956,487
27.422845,-17.589337,487
27.431107,-17.593423,535
27.436646,-17.594848,526
27.446338,-17.594977,550
27.454595,-17.599065,558
27.466998,-17.603196,593
27.479379,-17.608641,610
27.484878,-17.611358,605
27.493125,-17.615423,600
27.501371,-17.619495,560
27.509616,-17.623573,616
27.516459,-17.628935,601
27.523303,-17.634296,591
27.525997,-17.639604,581
27.525941,-17.64356,582
27.519004,-17.64479,578
27.507933,-17.644648,583
27.499631,-17.644537,586
27.485809,-17.643034,600
27.474813,-17.637612,560
27.46376,-17.636148,572
27.452743,-17.632043,571
27.445879,-17.627993,578
27.438981,-17.626585,594
27.429357,-17.622505,623
27.422457,-17.621095,625
27.416944,-17.618367,590
27.405898,-17.614234,552
27.397627,-17.610145,505
27.386604,-17.606033,501
27.383853,-17.604674,510
27.372889,-17.595266,594
27.367338,-17.595183,614
27.361842,-17.591135,525
27.353581,-17.587052,487
27.346743,-17.580347,487
27.342602,-17.578966,487
27.337111,-17.57492,487
27.32888,-17.569524,487
27.320614,-17.566771,487
27.305452,-17.561274,499
27.304066,-17.561254,504
27.295837,-17.555856,502
27.28619,-17.553085,513
27.27651,-17.551625,549
27.268287,-17.548897,587
27.258672,-17.547475,639
27.24899,-17.544679,653
27.243412,-17.543244,550
27.235059,-17.540435,554
27.22955,-17.536375,536
27.221252,-17.533598,550
27.212944,-17.532148,551
27.203255,-17.530682,545
27.194916,-17.530548,546
27.194837,-17.535836,537
27.197491,-17.54381,540
27.20445,-17.547921,530
27.212724,-17.553347,531
27.222423,-17.554818,555
27.23218,-17.558982,624
27.237704,-17.560384,655
27.244514,-17.564417,619
27.256858,-17.567193,540
27.263717,-17.569918,539
27.271963,-17.573995,506
27.281572,-17.580742,513
27.288489,-17.582165,507
27.293971,-17.584874,493
27.299457,-17.588916,487
27.30774,-17.591679,487
27.317331,-17.599745,487
27.326961,-17.605168,487
27.343558,-17.609376,507
27.353256,-17.612173,622
27.358762,-17.61356,611
27.369812,-17.617689,522
27.375345,-17.619092,564
27.382244,-17.621835,546
27.387754,-17.624556,522
27.398807,-17.627355,534
27.413972,-17.632848,602
27.427704,-17.639619,574
27.434574,-17.643673,569
27.441482,-17.645089,565
27.451152,-17.646537,567
27.456669,-17.647929,564
27.464897,-17.653314,563
27.462015,-17.661191,571
27.460631,-17.661173,569
27.453711,-17.661082,573
27.44679,-17.660991,580
27.438486,-17.660881,587
27.4302,-17.659452,587
27.419137,-17.657981,603
27.39984,-17.65112,554
27.392941,-17.649709,550
27.384659,-17.646952,584
27.372216,-17.644136,529
27.365319,-17.641397,527
27.35426,-17.638599,538
27.345967,-17.635836,524
27.332267,-17.630394,607
27.325245,-17.627604,495
27.316982,-17.623524,487
27.301803,-17.618023,487
27.282529,-17.6085,487
27.277,-17.607098,487
27.264615,-17.600311,493
27.263267,-17.597649,504
27.257794,-17.592281,490
27.252322,-17.586914,501
27.24543,-17.585501,524
27.230311,-17.582677,554
27.217963,-17.57856,618
27.209726,-17.575813,647
27.194277,-17.571519,510
27.184554,-17.57137,513
27.179018,-17.569963,526
27.166515,-17.56977,529
27.162304,-17.572349,525
27.170531,-17.579085,522
27.177426,-17.58316,513
27.182933,-17.587214,513
27.189843,-17.589965,496
27.196819,-17.59141,511
27.202442,-17.594173,501
27.210692,-17.598255,554
27.216138,-17.602286,534
27.229844,-17.607745,487
27.238062,-17.613143,487
27.244939,-17.61588,487
27.251836,-17.618623,487
27.258713,-17.622687,487
27.264245,-17.624089,487
27.275287,-17.628213,487
27.282185,-17.630955,487
27.294593,-17.636417,487
27.295981,-17.636437,487
27.304246,-17.640518,487
27.315363,-17.643334,555
27.323654,-17.64742,588
27.32913,-17.65013,559
27.338789,-17.652904,553
27.344302,-17.655623,529
27.354014,-17.655761,528
27.359506,-17.659799,554
27.371913,-17.665252,574
27.378788,-17.669307,586
27.38285,-17.675961,574
27.382793,-17.679919,576
27.373088,-17.679786,576
27.36338,-17.679652,559
27.359219,-17.679595,560
27.349553,-17.678144,584
27.341257,-17.67671,574
27.330251,-17.671278,582
27.319097,-17.671115,533
27.313583,-17.667072,500
27.305415,-17.661687,570
27.299876,-17.660287,565
27.290137,-17.656171,487
27.280463,-17.653391,487
27.272196,-17.64931,487
27.261173,-17.643866,487
27.251477,-17.642405,487
27.243218,-17.638323,487
27.234976,-17.634244,487
27.225411,-17.626183,493
27.218536,-17.623445,499
27.210319,-17.618047,531
27.199278,-17.613919,582
27.195131,-17.612535,594
27.186854,-17.608445,678
27.173057,-17.602953,592
27.162004,-17.600147,577
27.150882,-17.598647,559
27.138317,-17.598439,562
27.138283,-17.602412,564
27.139634,-17.607731,607
27.142368,-17.611742,576
27.152027,-17.61718,562
27.16173,-17.618648,575
27.171385,-17.622756,558
27.179624,-17.626837,634
27.187957,-17.629613,598
27.198937,-17.635052,579
27.209964,-17.639175,508
27.214104,-17.640556,497
27.226498,-17.646019,487
27.231991,-17.648738,487
27.238869,-17.651477,487
27.247115,-17.655556,487
27.256772,-17.659659,487
27.265061,-17.66242,487
27.276104,-17.666541,487
27.281616,-17.669261,487
27.294199,-17.670773,535
27.310677,-17.676277,513
27.319052,-17.676399,560
27.323197,-17.679099,550
27.334196,-17.683209,537
27.347998,-17.68868,557
27.356331,-17.688795,567
27.361815,-17.692829,582
27.370064,-17.6969,581
27.376939,-17.700952,582
27.376882,-17.704909,578
27.362973,-17.707361,565
27.351875,-17.707211,487
27.346324,-17.707136,549
27.339405,-17.705722,548
27.328349,-17.70293,536
27.314532,-17.700099,509
27.304887,-17.697325,509
27.296585,-17.694569,487
27.282773,-17.691735,522
27.274492,-17.687657,528
27.268887,-17.684934,487
27.259231,-17.680834,487
27.249613,-17.674091,487
27.239977,-17.668668,487
27.230345,-17.663244,487
27.222088,-17.659162,487
27.213831,-17.655079,487
27.204135,-17.653616,487
27.193086,-17.650814,522
27.183428,-17.648031,557
27.179292,-17.64665,559
27.17104,-17.643891,581
27.162765,-17.642451,577
27.155817,-17.639698,594
27.150315,-17.638299,526
27.129525,-17.632694,543
27.123898,-17.636573,526
27.12523,-17.64056,519
27.129346,-17.644588,533
27.134774,-17.653923,561
27.143044,-17.659334,507
27.15126,-17.663416,498
27.160896,-17.664875,520
27.173306,-17.669021,492
27.181594,-17.671785,491
27.189864,-17.675871,487
27.207844,-17.681419,487
27.214706,-17.686803,487
27.22022,-17.689525,487
27.227122,-17.692267,487
27.231227,-17.696289,487
27.243701,-17.697788,487
27.254763,-17.701907,487
27.256159,-17.703247,487
27.261742,-17.704644,545
27.267297,-17.704722,531
27.276977,-17.707498,496
27.286696,-17.707633,524
27.290819,-17.71033,559
27.300496,-17.711786,535
27.31156,-17.71326,516
27.322581,-17.717373,531
27.33228,-17.718824,535
27.343314,-17.72425,563
27.348745,-17.732241,591
27.345953,-17.733523,586
27.332084,-17.733336,557
27.325137,-17.733245,547
27.311235,-17.733062,513
27.307076,-17.733004,512
27.29876,-17.732889,505
27.284938,-17.730056,496
27.273859,-17.728582,487
27.265573,-17.725826,497
27.255896,-17.72305,489
27.246213,-17.720274,544
27.23929,-17.717537,487
27.2296,-17.71344,487
27.222665,-17.712021,487
27.214378,-17.70794,487
27.200553,-17.703778,487
27.195062,-17.699734,487
27.18679,-17.69565,487
27.181274,-17.692927,487
27.175739,-17.691525,487
27.168832,-17.688781,520
27.157925,-17.684659,587
27.152476,-17.680616,597
27.127094,-17.672456,567
27.114816,-17.669924,590
27.109045,-17.671408,598
27.108185,-17.673746,588
27.107297,-17.677649,573
27.108103,-17.678443,573
27.116266,-17.680909,578
27.120371,-17.680969,571
27.125288,-17.681831,579
27.126918,-17.682641,588
27.132629,-17.685085,688
27.137518,-17.687513,658
27.142421,-17.689159,632
27.148952,-17.691613,601
27.154671,-17.694033,543
27.158771,-17.694875,491
27.163665,-17.697303,487
27.167776,-17.697368,487
27.171038,-17.698987,487
27.175123,-17.700618,487
27.180029,-17.702262,487
27.186567,-17.704716,487
27.191461,-17.707143,487
27.195533,-17.709557,487
27.19963,-17.710405,487
27.206972,-17.713654,487
27.212668,-17.716877,487
27.216748,-17.718507,487
27.220006,-17.720124,487
27.223264,-17.721741,487
27.231461,-17.72265,487
27.237987,-17.7251,537
27.241239,-17.726716,522
27.24779,-17.728382,491
27.251859,-17.730794,501
27.256749,-17.733218,491
27.260034,-17.733267,492
27.266568,-17.735716,488
27.270652,-17.737344,491
27.276391,-17.738214,494
27.282916,-17.741445,498
27.291098,-17.743919,505
27.298479,-17.745597,512
27.304992,-17.748041,510
27.313164,-17.750511,519
27.317255,-17.751354,532
27.323757,-17.755364,534
27.324578,-17.755376,535
27.330239,-17.760155,536
27.333481,-17.76255,539
27.339198,-17.764199,547
27.344887,-17.767411,547
27.348889,-17.772945,556
27.347998,-17.776058,552
27.343095,-17.775993,544
27.338995,-17.775934,547
27.336533,-17.775898,545
27.329148,-17.775792,536
27.326686,-17.775756,536
27.321789,-17.77412,529
27.320162,-17.773314,527
27.315292,-17.770112,528
27.31123,-17.767705,525
27.308809,-17.765321,522
27.303925,-17.762902,518
27.299862,-17.760494,514
27.294184,-17.756495,510
27.290093,-17.755652,507
27.285202,-17.753229,506
27.281105,-17.752384,503
27.274567,-17.749935,497
27.271292,-17.749103,499
27.264754,-17.746654,499
27.260657,-17.745808,507
27.257382,-17.744975,509
27.250848,-17.742526,495
27.248383,-17.742489,502
27.243462,-17.74163,540
27.239372,-17.74,501
27.233626,-17.739127,508
27.227901,-17.738259,501
27.22547,-17.736657,487
27.221392,-17.735028,487
27.217285,-17.734966,487
27.212398,-17.732541,487
27.207482,-17.731682,487
27.200935,-17.730015,487
27.196838,-17.729167,487
27.190314,-17.725932,487
27.184571,-17.725058,487
27.178856,-17.722618,487
27.172318,-17.720165,487
27.163299,-17.718456,487
27.155141,-17.714409,487
27.146944,-17.712713,487
27.134694,-17.707822,534
27.125684,-17.706115,569
27.116691,-17.703625,607
27.111807,-17.701201,617
27.10608,-17.700331,648
27.099536,-17.699449,684
27.09544,-17.699387,700
27.093773,-17.700925,711
27.093684,-17.705615,679
27.098514,-17.710384,659
27.104227,-17.71204,630
27.110777,-17.712926,599
27.118962,-17.714622,540
27.12634,-17.715522,505
27.132886,-17.717192,505
27.137804,-17.718053,508
27.14926,-17.721369,487
27.157446,-17.723849,487
27.16563,-17.726329,487
27.172182,-17.727999,487
27.177089,-17.729643,487
27.182009,-17.730504,487
27.191028,-17.732211,487
27.198414,-17.73311,487
27.205771,-17.735573,487
27.21066,-17.737998,487
27.215548,-17.740423,487
27.222072,-17.74287,487
27.229409,-17.745326,520
27.236788,-17.747008,503
27.245803,-17.749499,519
27.252365,-17.750382,507
27.262166,-17.754448,501
27.268677,-17.758463,501
27.273571,-17.760887,502
27.281738,-17.763356,504
27.288272,-17.765803,511
27.293158,-17.768224,517
27.301312,-17.771474,520
27.310272,-17.775518,526
27.317591,-17.779537,538
27.315088,-17.781849,534
27.308522,-17.781754,533
27.304418,-17.781694,526
27.294609,-17.779204,517
27.28808,-17.77676,514
27.279056,-17.775842,511
27.268412,-17.773333,501
27.259442,-17.770073,500
27.253703,-17.769204,495
27.245546,-17.765163,487
27.237327,-17.764248,487
27.233225,-17.763401,487
27.228335,-17.760977,487
27.222624,-17.758541,507
27.219395,-17.754573,497
27.214528,-17.75137,487
27.208033,-17.747359,487
27.203965,-17.744947,487
27.19658,-17.74405,487
27.185108,-17.741522,487
27.178556,-17.739853,487
27.173649,-17.738209,487
27.165452,-17.736513,487
27.157268,-17.734034,487
27.152345,-17.733171,487
27.146615,-17.731511,487
27.140051,-17.730622,487
27.135133,-17.729759,487
27.127748,-17.728859,498
27.118749,-17.726365,570
27.11219,-17.725476,599
27.104007,-17.723778,570
27.095027,-17.721284,647
27.087707,-17.718035,688
27.079579,-17.715559,742
27.068102,-17.709106,604
27.062359,-17.706659,648
27.054166,-17.704174,601
27.044338,-17.700876,549
27.033725,-17.698358,566
27.019832,-17.695,583
27.013261,-17.694893,599
27.013809,-17.707429,588
27.019484,-17.711439,587
27.025242,-17.711534,570
27.028533,-17.711588,565
27.032649,-17.711656,564
27.042479,-17.714951,578
27.043302,-17.714965,599
27.048215,-17.716611,629
27.054773,-17.718285,646
27.061352,-17.719174,720
27.067167,-17.72005,775
27.076186,-17.721759,746
27.081087,-17.721839,716
27.088407,-17.724307,682
27.096549,-17.727571,611
27.103097,-17.728462,628
27.107994,-17.730109,613
27.111268,-17.730944,599
27.11943,-17.734209,545
27.125183,-17.734303,511
27.132541,-17.73677,487
27.140709,-17.740034,487
27.15214,-17.74492,487
27.161958,-17.748212,487
27.173404,-17.752309,487
27.179942,-17.754761,487
27.186508,-17.755646,487
27.191414,-17.757288,487
27.197156,-17.75816,487
27.203693,-17.760611,487
27.210231,-17.763061,487
27.219207,-17.767115,487
27.227388,-17.76959,487
27.235555,-17.772847,487
27.2429,-17.776091,501
27.251877,-17.779353,514
27.260892,-17.780265,504
27.267427,-17.782713,507
27.277262,-17.784426,511
27.28871,-17.787727,517
27.29688,-17.790194,520
27.308291,-17.794266,541
27.319693,-17.797545,566
27.32701,-17.799985,588
27.337573,-17.803245,615
27.344815,-17.807227,694
27.350416,-17.80961,691
27.357672,-17.81517,751
27.357645,-17.816732,751
27.355115,-17.820598,757
27.350188,-17.820523,742
27.341155,-17.820384,697
27.332993,-17.818709,716
27.32408,-17.81627,719
27.311928,-17.81302,563
27.299749,-17.810547,541
27.286717,-17.807258,529
27.276869,-17.805537,527
27.272004,-17.803132,523
27.265471,-17.800687,520
27.255662,-17.797408,515
27.247493,-17.794152,520
27.239351,-17.790121,505
27.231191,-17.78687,511
27.224672,-17.783641,490
27.214038,-17.780346,487
27.205842,-17.778654,522
27.19847,-17.776975,487
27.190275,-17.775283,487
27.18127,-17.772795,487
27.175569,-17.769574,487
27.168236,-17.765545,487
27.16008,-17.761503,487
27.153541,-17.759051,487
27.143738,-17.754979,487
27.135553,-17.752499,487
27.126547,-17.750001,511
27.117547,-17.7475,500
27.109353,-17.7458,579
27.098709,-17.743278,565
27.089763,-17.739206,615
27.081607,-17.73672,658
27.075131,-17.733476,707
27.067765,-17.732573,723
27.060354,-17.730896,753
27.056206,-17.730835,662
27.050473,-17.730739,626
27.043874,-17.732977,662
27.043819,-17.736886,653
27.047056,-17.738509,626
27.052756,-17.740952,632
27.058479,-17.741832,731
27.064996,-17.744292,705
27.073223,-17.746754,670
27.07974,-17.748436,621
27.088712,-17.750945,566
27.093619,-17.751815,563
27.099366,-17.751914,521
27.106729,-17.754381,532
27.111609,-17.757592,520
27.118995,-17.758497,497
27.1239,-17.760148,487
27.131275,-17.761836,487
27.141874,-17.767488,487
27.151705,-17.769992,487
27.156613,-17.771635,487
27.163179,-17.772519,487
27.17054,-17.774981,487
27.179544,-17.777468,487
27.186094,-17.779134,487
27.190178,-17.780763,496
27.195084,-17.782404,493
27.199976,-17.784828,506
27.207335,-17.787289,512
27.212227,-17.789713,517
27.217954,-17.791366,503
27.227759,-17.794641,512
27.233511,-17.794727,525
27.240848,-17.797964,517
27.245751,-17.799602,528
27.253115,-17.802067,522
27.256349,-17.805247,515
27.262074,-17.806898,520
27.266947,-17.808514,526
27.271041,-17.809357,529
27.275128,-17.811779,528
27.280031,-17.813417,537
27.285752,-17.815064,539
27.291496,-17.815144,552
27.295556,-17.816756,562
27.302062,-17.818394,604
27.305295,-17.81999,620
27.313385,-17.823198,653
27.317415,-17.825581,641
27.318163,-17.829496,634
27.317323,-17.831052,634
27.309971,-17.832547,611
27.305077,-17.832497,604
27.296086,-17.832394,582
27.289557,-17.831537,591
27.281373,-17.829855,562
27.274009,-17.828184,552
27.265852,-17.824938,568
27.257691,-17.8201,561
27.251154,-17.816857,529
27.247091,-17.816041,518
27.24057,-17.813607,526
27.235662,-17.811965,533
27.228324,-17.808728,532
27.221793,-17.806285,536
27.211987,-17.80301,532
27.204604,-17.802117,532
27.199714,-17.799697,525
27.19318,-17.797252,529
27.188302,-17.794047,537
27.182601,-17.790829,518
27.177682,-17.789972,487
27.172789,-17.787549,487
27.168677,-17.787487,487
27.162152,-17.784255,487
27.153967,-17.78178,487
27.145755,-17.780869,487
27.134305,-17.776772,487
27.126118,-17.774293,487
27.122005,-17.774227,487
27.116291,-17.771776,487
27.109738,-17.770104,495
27.103183,-17.768435,513
27.095,-17.76672,503
27.074535,-17.760909,539
27.06963,-17.759263,566
27.063891,-17.75916,584
27.057383,-17.757469,639
27.052513,-17.75581,627
27.046756,-17.754165,635
27.038589,-17.754013,695
27.030413,-17.754644,736
27.030362,-17.756993,730
27.03111,-17.76014,704
27.035139,-17.762567,685
27.040771,-17.766595,631
27.050579,-17.769111,600
27.05957,-17.770064,567
27.065311,-17.770167,523
27.072674,-17.771863,515
27.082538,-17.7728,524
27.088286,-17.773673,494
27.094852,-17.775329,495
27.103035,-17.777046,487
27.108718,-17.781064,487
27.113614,-17.783491,494
27.119329,-17.785941,487
27.124225,-17.788368,487
27.131617,-17.789267,487
27.141449,-17.791771,487
27.151267,-17.795057,487
27.156985,-17.797495,487
27.161865,-17.800697,487
27.169266,-17.800808,487
27.17661,-17.804044,509
27.183968,-17.806501,528
27.188053,-17.808131,535
27.192151,-17.808978,532
27.198703,-17.810646,562
27.207682,-17.813898,532
27.213377,-17.817109,525
27.220717,-17.820345,525
27.228877,-17.823593,522
27.233768,-17.826015,536
27.242726,-17.829249,563
27.249285,-17.830927,586
27.25748,-17.833415,575
27.265638,-17.836661,560
27.268031,-17.840603,563
27.265552,-17.841349,571
27.255695,-17.841205,554
27.249123,-17.841109,553
27.242557,-17.840222,555
27.236015,-17.837767,602
27.230272,-17.836892,575
27.223763,-17.833679,522
27.217233,-17.83124,551
27.209898,-17.828011,514
27.201713,-17.826336,517
27.195171,-17.824687,518
27.186165,-17.822199,511
27.178803,-17.819735,515
27.169797,-17.817245,518
27.155871,-17.813897,517
27.145247,-17.809826,487
27.136267,-17.805778,487
27.127271,-17.802511,487
27.119919,-17.799269,487
27.116641,-17.798435,487
27.10851,-17.792818,487
27.097075,-17.78793,516
27.087268,-17.784626,519
27.075834,-17.780512,565
27.063547,-17.777185,563
27.052064,-17.776203,578
27.044697,-17.776063,588
27.03487,-17.775107,623
27.028356,-17.774193,616
27.02098,-17.774064,627
27.015202,-17.773982,655
27.010998,-17.778613,667
27.012576,-17.781774,663
27.019089,-17.784239,645
27.025613,-17.787474,628
27.032149,-17.78838,624
27.041936,-17.791687,619
27.051753,-17.793431,549
27.060767,-17.794378,502
27.0665,-17.795266,497
27.074689,-17.796978,495
27.084506,-17.800274,492
27.096835,-17.801255,496
27.105846,-17.803751,492
27.115653,-17.807821,487
27.123019,-17.810281,487
27.131234,-17.811186,487
27.137789,-17.812849,487
27.14596,-17.816101,487
27.15169,-17.817751,508
27.156585,-17.820179,487
27.160657,-17.822594,487
27.1688,-17.827419,487
27.169609,-17.828215,487
27.174517,-17.829855,487
27.181877,-17.832314,498
27.187593,-17.834751,496
27.194159,-17.835635,497
27.19984,-17.839619,514
27.208007,-17.842065,512
27.218635,-17.845349,524
27.226834,-17.846245,556
27.230934,-17.847094,541
27.235033,-17.847943,557
27.242435,-17.84806,559
27.258001,-17.851428,540
27.271371,-17.860694,528
27.277627,-17.862953,542
27.284472,-17.866767,560
27.286733,-17.869021,567
27.290499,-17.872778,552
27.292772,-17.874294,559
27.300418,-17.875906,629
27.307328,-17.878223,606
27.312073,-17.881192,529
27.31512,-17.886384,539
27.308896,-17.8863,544
27.301117,-17.886195,530
27.297248,-17.884671,581
27.29259,-17.883141,621
27.288766,-17.882336,558
27.28037,-17.879239,575
27.274264,-17.876918,554
27.270462,-17.874636,553
27.265106,-17.873065,516
27.259756,-17.870757,564
27.253599,-17.868451,565
27.249742,-17.867653,544
27.243569,-17.866085,517
27.23894,-17.864543,517
27.231997,-17.862962,513
27.225839,-17.861386,511
27.218153,-17.858312,503
27.211978,-17.856745,505
27.205804,-17.855178,521
27.201969,-17.852906,502
27.198183,-17.849872,511
27.192778,-17.84832,509
27.188972,-17.846025,506
27.185919,-17.843758,522
27.180531,-17.84219,487
27.178222,-17.841414,492
27.173591,-17.840599,487
27.169746,-17.83906,487
27.163579,-17.837482,487
27.155873,-17.835143,487
27.148937,-17.832823,487
27.142751,-17.831988,487
27.139652,-17.831939,487
27.134266,-17.829642,494
27.128861,-17.82881,497
27.123468,-17.827239,508
27.116554,-17.824163,487
27.111155,-17.822602,487
27.107291,-17.821811,487
27.104215,-17.820291,487
27.098035,-17.819438,487
27.08647,-17.816282,502
27.076475,-17.81169,512
27.07105,-17.811603,520
27.065637,-17.810792,520
27.058675,-17.809964,539
27.052504,-17.808408,556
27.044785,-17.806831,567
27.038604,-17.806013,581
27.032424,-17.805194,598
27.026244,-17.804358,626
27.018502,-17.804236,603
27.011535,-17.804125,586
27.011481,-17.80707,562
27.015268,-17.811544,555
27.016817,-17.811568,517
27.020647,-17.813837,550
27.029152,-17.814716,550
27.034546,-17.816283,539
27.041488,-17.817857,533
27.048431,-17.81943,550
27.053853,-17.819501,527
27.057714,-17.82029,518
27.062364,-17.820351,520
27.0693,-17.822657,514
27.073937,-17.823467,517
27.082421,-17.825819,502
27.085508,-17.826607,499
27.090886,-17.828932,490
27.094756,-17.829005,487
27.100122,-17.832054,487
27.10555,-17.832129,487
27.110177,-17.833671,560
27.114789,-17.835953,548
27.120182,-17.837524,501
27.124818,-17.838336,517
27.130217,-17.839896,491
27.134854,-17.840707,487
27.141027,-17.84228,487
27.143338,-17.843056,487
27.149509,-17.844631,487
27.157217,-17.846969,487
27.162595,-17.849275,487
27.167197,-17.851568,487
27.171813,-17.853122,487
27.17564,-17.855401,604
27.180958,-17.857023,487
27.18481,-17.858553,487
27.190234,-17.859363,494
27.1972,-17.860931,493
27.205648,-17.864025,504
27.211823,-17.865593,503
27.217985,-17.867897,487
27.221822,-17.870167,487
27.227998,-17.871735,487
27.234149,-17.874777,487
27.241064,-17.877835,493
27.248,-17.880152,498
27.253364,-17.882454,499
27.258709,-17.884763,492
27.264082,-17.885595,507
27.267929,-17.885662,510
27.27404,-17.88798,522
27.279409,-17.888811,514
27.284762,-17.890377,506
27.290931,-17.891943,508
27.300234,-17.894277,507
27.305642,-17.897296,535
27.311848,-17.898853,549
27.316446,-17.901135,559
27.320275,-17.90267,540
27.323344,-17.904191,550
27.326402,-17.906447,548
27.331006,-17.908727,562
27.336374,-17.911755,571
27.344054,-17.915553,573
27.349423,-17.917845,592
27.344804,-17.917038,568
27.338648,-17.914736,575
27.332481,-17.91317,556
27.326318,-17.911603,534
27.320941,-17.909312,527
27.312487,-17.906235,529
27.304769,-17.904645,521
27.297786,-17.903076,508
27.292361,-17.901529,516
27.286189,-17.89923,516
27.280793,-17.897676,525
27.273158,-17.893864,503
27.266277,-17.891533,503
27.259393,-17.889201,497
27.249426,-17.886814,512
27.239434,-17.882968,495
27.232469,-17.882127,522
27.223953,-17.881262,512
27.215465,-17.878922,499
27.21084,-17.877377,496
27.205453,-17.875084,487
27.196987,-17.872002,487
27.191562,-17.871191,487
27.18772,-17.868925,494
27.184641,-17.867408,493
27.180023,-17.865132,487
27.174605,-17.864319,487
27.168551,-17.86193,487
27.164711,-17.860388,487
27.157038,-17.856568,487
27.152417,-17.855018,487
27.146246,-17.853443,487
27.139313,-17.851117,487
27.133169,-17.848065,487
27.126237,-17.845739,487
27.120065,-17.844163,496
27.113118,-17.842576,494
27.106178,-17.840263,529
27.0969,-17.838656,487
27.089958,-17.837059,487
27.080695,-17.835404,497
27.069862,-17.834481,504
27.0637,-17.832184,504
27.05519,-17.831327,508
27.048993,-17.831238,522
27.039739,-17.828893,535
27.03433,-17.828063,543
27.023498,-17.827134,546
27.019653,-17.8256,542
27.012697,-17.824753,546
27.007277,-17.824667,548
27.002603,-17.826065,554
27.002561,-17.828273,555
27.004842,-17.830518,566
27.0087,-17.831316,567
27.015629,-17.833636,555
27.019488,-17.834434,550
27.027221,-17.835295,534
27.031857,-17.836117,530
27.038042,-17.836968,522
27.045,-17.837818,532
27.051157,-17.840119,535
27.057355,-17.840209,521
27.074348,-17.843433,499
27.084398,-17.844364,493
27.093653,-17.846727,527
27.100617,-17.847565,494
27.106045,-17.847642,492
27.113761,-17.849965,487
27.121495,-17.850829,487
27.126877,-17.853132,487
27.133047,-17.854709,487
27.139218,-17.856286,487
27.145375,-17.858599,487
27.153829,-17.862425,487
27.157676,-17.863963,493
27.162279,-17.866254,485
27.1683,-17.869397,487
27.172119,-17.872404,487
27.17905,-17.875449,498
27.185192,-17.879222,508
27.193652,-17.883764,522
27.197495,-17.886031,527
27.20287,-17.88906,531
27.208997,-17.892112,514
27.214371,-17.89441,518
27.228182,-17.900528,522
27.23895,-17.905115,593
27.248962,-17.911152,514
27.25123,-17.913402,513
27.255009,-17.917152,517
27.254211,-17.918613,512
27.249592,-17.918537,520
27.245764,-17.917,517
27.242676,-17.914748,519
27.239561,-17.91397,520
27.236461,-17.912457,527
27.234926,-17.910963,529
27.229542,-17.908671,625
27.227235,-17.907898,625
27.222621,-17.906351,577
27.218799,-17.904078,527
27.216509,-17.902567,524
27.211119,-17.901008,531
27.207289,-17.899469,531
27.202695,-17.897913,529
27.199613,-17.897127,540
27.198078,-17.896366,540
27.193471,-17.894082,536
27.192707,-17.893334,537
27.188083,-17.891059,529
27.184238,-17.888795,523
27.181933,-17.887289,520
27.178867,-17.885036,511
27.176566,-17.883529,506
27.174265,-17.882022,504
27.16965,-17.879746,643
27.167336,-17.878977,644
27.163501,-17.876709,633
27.160417,-17.875926,621
27.157365,-17.87439,597
27.152769,-17.874277,559
27.148235,-17.871929,497
27.145164,-17.870403,487
27.142853,-17.869628,487
27.139782,-17.868102,487
27.136697,-17.867313,487
27.13285,-17.865775,487
27.129765,-17.864986,487
27.125919,-17.863447,487
27.122847,-17.861921,487
27.120536,-17.861145,487
27.116689,-17.859606,487
27.114365,-17.859567,493
27.109738,-17.858025,503
27.106635,-17.857981,508
27.102758,-17.857925,495
27.100432,-17.857892,490
27.097358,-17.85637,508
27.092708,-17.856298,500
27.088072,-17.855489,501
27.084986,-17.854704,517
27.080338,-17.854633,536
27.077252,-17.853848,554
27.072604,-17.853776,567
27.071068,-17.853014,550
27.065659,-17.852188,495
27.0618,-17.851387,501
27.056392,-17.850559,508
27.054082,-17.849783,511
27.052533,-17.849757,515
27.046336,-17.849655,520
27.042463,-17.849591,529
27.03863,-17.847308,532
27.035531,-17.847252,530
27.031683,-17.845703,538
27.028609,-17.844168,540
27.023961,-17.844094,545
27.020864,-17.844051,544
27.017768,-17.844008,552
27.014672,-17.843965,559
27.012324,-17.84541,558
27.01302,-17.849853,545
27.015329,-17.850625,544
27.018399,-17.852146,561
27.022269,-17.8522,559
27.025366,-17.852244,534
27.028465,-17.852296,521
27.032339,-17.852366,519
27.035439,-17.852423,524
27.038537,-17.852479,525
27.041622,-17.853269,519
27.044707,-17.854059,514
27.049355,-17.854135,506
27.053187,-17.856414,512
27.055471,-17.858666,534
27.058529,-17.860931,544
27.061613,-17.861719,586
27.063923,-17.862494,577
27.068544,-17.864044,563
27.070093,-17.864069,556
27.074728,-17.864876,558
27.077039,-17.865648,546
27.082451,-17.866467,543
27.087087,-17.867274,516
27.09095,-17.868069,495
27.095599,-17.868141,488
27.096361,-17.868891,487
27.102549,-17.869724,487
27.105649,-17.869772,487
27.108738,-17.870555,487
27.111827,-17.871338,487
27.116479,-17.871409,487
27.120312,-17.873686,487
27.123398,-17.874474,487
27.124172,-17.874487,487
27.129555,-17.876789,487
27.133415,-17.87759,487
27.137986,-17.879186,510
27.141046,-17.879994,568
27.144117,-17.880791,599
27.147958,-17.881602,611
27.151012,-17.883136,608
27.154851,-17.883947,610
27.157903,-17.88548,622
27.16099,-17.886261,634
27.16562,-17.887799,645
27.169474,-17.889326,650
27.172541,-17.891579,644
27.174857,-17.892348,561
27.178701,-17.894612,561
27.181756,-17.897602,569
27.185589,-17.900603,549
27.188663,-17.902124,535
27.191733,-17.903646,541
27.193999,-17.906632,603
27.197069,-17.908154,543
27.200885,-17.911163,551
27.203945,-17.912688,588
27.207738,-17.915702,591
27.21079,-17.917228,592
27.215366,-17.919516,601
27.214581,-17.92024,601
27.210731,-17.920176,594
27.207651,-17.920124,587
27.203813,-17.919322,585
27.198458,-17.916288,575
27.195403,-17.914029,551
27.193108,-17.912518,545
27.189278,-17.910247,577
27.185448,-17.907976,609
27.180051,-17.906419,616
27.176207,-17.904154,614
27.170811,-17.901867,618
27.167719,-17.901086,620
27.163877,-17.898821,626
27.159235,-17.898019,616
27.156159,-17.896501,608
27.153858,-17.895724,607
27.150817,-17.893457,603
27.147747,-17.892663,593
27.143162,-17.890365,577
27.140862,-17.889584,571
27.136261,-17.888023,559
27.132402,-17.88795,539
27.129342,-17.886417,524
27.125509,-17.884867,487
27.121661,-17.884056,487
27.117844,-17.881762,487
27.11552,-17.881724,487
27.111643,-17.881665,487
27.108555,-17.880879,487
27.103154,-17.879322,487
27.097753,-17.877765,487
27.094652,-17.877719,487
27.092353,-17.876208,487
27.087702,-17.876139,487
27.085377,-17.876104,487
27.081502,-17.876046,491
27.077641,-17.87525,498
27.075343,-17.873739,504
27.070708,-17.872932,527
27.065299,-17.872108,538
27.063764,-17.871345,550
27.059117,-17.871271,578
27.05447,-17.871196,600
27.050597,-17.871134,602
27.047473,-17.872559,596
27.048969,-17.875534,582
27.052066,-17.875584,580
27.055164,-17.875634,574
27.058262,-17.875684,563
27.062135,-17.875746,553
27.065219,-17.876533,544
27.068317,-17.876583,535
27.071402,-17.877369,512
27.075263,-17.878165,515
27.079124,-17.878961,520
27.079899,-17.878973,521
27.08531,-17.879792,512
27.089146,-17.882064,491
27.092233,-17.882848,491
27.095293,-17.885108,487
27.099945,-17.885178,487
27.102259,-17.885949,487
27.106116,-17.887474,487
27.109202,-17.888262,487
27.113822,-17.889817,487
27.116915,-17.889873,487
27.120006,-17.889931,500
27.12231,-17.890712,515
27.125372,-17.892246,524
27.129205,-17.893793,542
27.130735,-17.894559,551
27.133782,-17.896829,553
27.137598,-17.899112,560
27.141455,-17.899183,580
27.143741,-17.900699,583
27.147555,-17.90298,568
27.150569,-17.90672,577
27.149014,-17.907429,584
27.143617,-17.907332,587
27.141304,-17.90729,579
27.137461,-17.906484,565
27.133658,-17.903465,574
27.129827,-17.90192,542
27.128283,-17.901892,527
27.125994,-17.900374,523
27.120613,-17.898801,531
27.116775,-17.897255,517
27.11447,-17.896475,512
27.110631,-17.894929,507
27.107543,-17.894144,493
27.102911,-17.893325,487
27.09905,-17.892525,487
27.095964,-17.891736,487
27.092116,-17.890197,487
27.08903,-17.889409,487
27.08594,-17.888627,487
27.083614,-17.888592,496
27.079758,-17.887073,517
27.075882,-17.887014,543
27.071244,-17.886214,550
27.068157,-17.885433,560
27.064312,-17.883896,526
27.062001,-17.883121,529
27.058142,-17.882321,530
27.05196,-17.881484,549
27.047327,-17.880671,564
27.043468,-17.879871,582
27.039609,-17.879071,595
27.037286,-17.879034,601
27.032639,-17.878957,616
27.028767,-17.878893,611
27.026404,-17.881066,599
27.027913,-17.883307,588
27.032546,-17.88412,590
27.035644,-17.88417,586
27.039516,-17.884233,487
27.043388,-17.884296,595
27.046486,-17.884346,604
27.049557,-17.885869,598
27.053416,-17.886661,593
27.057276,-17.887453,573
27.06115,-17.887515,563
27.066538,-17.889793,493
27.069602,-17.892042,487
27.072689,-17.892831,487
27.078074,-17.895133,487
27.079597,-17.896634,487
27.084995,-17.898198,487
27.088082,-17.898987,487
27.092705,-17.900538,487
27.094241,-17.901301,504
27.098875,-17.902117,497
27.103483,-17.904407,498
27.105036,-17.904429,502
27.11045,-17.904526,543
27.114303,-17.905332,545
27.117367,-17.906863,549
27.119672,-17.907642,552
27.123522,-17.908448,556
27.126585,-17.909977,549
27.12966,-17.910769,560
27.133508,-17.911574,570
27.138109,-17.913131,588
27.141952,-17.913936,599
27.147307,-17.916242,611
27.152688,-17.917804,611
27.155763,-17.919323,613
27.158827,-17.921578,605
27.16034,-17.92381,600
27.158763,-17.92526,596
27.152561,-17.925166,610
27.14946,-17.925118,613
27.145642,-17.922844,608
27.141814,-17.921304,608
27.138756,-17.919777,605
27.135683,-17.918986,597
27.134911,-17.918973,598
27.129534,-17.917405,551
27.125686,-17.916601,542
27.121837,-17.915797,541
27.120305,-17.915032,540
27.117228,-17.914241,532
27.111844,-17.91267,563
27.108765,-17.911878,556
27.106445,-17.911837,547
27.102591,-17.911031,523
27.100265,-17.910995,509
27.094089,-17.909423,517
27.090221,-17.909352,514
27.086359,-17.908551,487
27.083286,-17.907025,487
27.080186,-17.906975,487
27.077875,-17.906199,487
27.074788,-17.905411,487
27.067852,-17.903083,487
27.06399,-17.902283,496
27.061665,-17.902245,509
27.058591,-17.900723,543
27.052403,-17.899891,578
27.048529,-17.899832,589
27.043119,-17.899013,621
27.038498,-17.897468,639
27.031568,-17.895152,552
27.026192,-17.892866,545
27.024644,-17.892843,545
27.018493,-17.890537,559
27.014631,-17.889729,554
27.0108,-17.887456,571
27.008478,-17.887418,578
27.004621,-17.886619,601
27.00075,-17.886556,635
26.997654,-17.886506,621
26.996812,-17.890177,586
26.99832,-17.892413,636
27.002176,-17.893212,630
27.006822,-17.893289,609
27.009911,-17.894085,616
27.01297,-17.896352,600
27.016839,-17.896411,606
27.019146,-17.897183,581
27.024537,-17.898739,544
27.027618,-17.89952,538
27.030713,-17.89956,562
27.035333,-17.901105,637
27.038404,-17.902626,621
27.042264,-17.903422,608
27.04535,-17.904207,583
27.048436,-17.904991,564
27.052297,-17.905788,556
27.05771,-17.906609,520
27.06236,-17.906684,494
27.064659,-17.908197,487
27.067746,-17.908985,487
27.071621,-17.909048,487
27.076271,-17.909124,487
27.07857,-17.910638,487
27.084756,-17.911477,487
27.087068,-17.912252,497
27.091681,-17.913814,530
27.094768,-17.914601,487
27.098637,-17.915394,498
27.103254,-17.916949,513
27.104014,-17.9177,519
27.10864,-17.918519,534
27.114784,-17.920839,532
27.11862,-17.92238,542
27.123242,-17.923197,553
27.126318,-17.923987,552
27.127849,-17.924751,562
27.130166,-17.92479,573
27.135542,-17.926356,581
27.14013,-17.928645,597
27.143961,-17.930183,605
27.146251,-17.931694,615
27.150861,-17.933242,622
27.154692,-17.935511,617
27.153097,-17.937697,623
27.148467,-17.937621,624
27.144622,-17.936821,614
27.140017,-17.935272,598
27.138473,-17.935246,597
27.133107,-17.932947,596
27.129258,-17.932145,593
27.123877,-17.930581,557
27.120026,-17.929779,556
27.118481,-17.929753,542
27.113099,-17.928187,542
27.109247,-17.927383,544
27.105381,-17.927317,524
27.102315,-17.925789,506
27.0977,-17.924233,496
27.092325,-17.921199,487
27.089234,-17.920417,508
27.086166,-17.918887,512
27.082297,-17.918817,487
27.079239,-17.916552,487
27.076139,-17.916501,487
27.070727,-17.915675,487
27.06764,-17.914887,487
27.063016,-17.913336,487
27.059915,-17.913285,490
27.058365,-17.91326,498
27.052178,-17.912422,524
27.047541,-17.911613,557
27.044441,-17.911565,570
27.042116,-17.911529,567
27.036707,-17.910708,587
27.032861,-17.909174,534
27.029032,-17.906911,535
27.024404,-17.90611,596
27.02363,-17.906098,604
27.017466,-17.904529,591
27.01361,-17.903733,589
27.008982,-17.902924,638
27.008209,-17.902913,643
27.001249,-17.902805,655
26.996604,-17.902727,661
26.996556,-17.90568,674
26.998063,-17.907914,678
27.001902,-17.909447,668
27.005769,-17.909508,644
27.008862,-17.909556,631
27.012717,-17.910352,622
27.014264,-17.910376,619
27.018119,-17.911173,629
27.023523,-17.911994,591
27.028165,-17.912061,557
27.031259,-17.912102,545
27.035878,-17.913643,525
27.039738,-17.914441,564
27.044374,-17.91525,551
27.049011,-17.916059,527
27.051336,-17.916097,528
27.056748,-17.916923,500
27.061372,-17.918474,487
27.063698,-17.918512,487
27.066785,-17.9193,487
27.07221,-17.919388,487
27.07531,-17.919439,487
27.079947,-17.920253,487
27.082269,-17.920294,487
27.086868,-17.922593,487
27.089959,-17.923375,487
27.093038,-17.924895,487
27.097645,-17.927184,498
27.1015,-17.927988,518
27.1069,-17.928818,534
27.110724,-17.931097,556
27.11379,-17.932623,546
27.116842,-17.934885,555
27.121427,-17.93791,587
27.12681,-17.939473,597
27.129887,-17.940261,610
27.131432,-17.940286,609
27.136812,-17.941848,619
27.139089,-17.944095,586
27.142909,-17.946367,617
27.144386,-17.950074,617
27.144332,-17.953019,615
27.141176,-17.95665,613
27.137315,-17.956589,609
27.133439,-17.957263,609
27.128804,-17.957189,607
27.125714,-17.957139,607
27.121876,-17.955604,605
27.118079,-17.951858,586
27.115027,-17.949598,576
27.110453,-17.945838,571
27.105837,-17.944288,566
27.103583,-17.940565,509
27.100545,-17.937564,503
27.095945,-17.935273,487
27.09285,-17.935221,487
27.089781,-17.933693,488
27.085939,-17.931424,495
27.082861,-17.929903,524
27.080578,-17.927652,522
27.075935,-17.92757,487
27.071289,-17.927489,487
27.066638,-17.927413,487
27.062014,-17.925863,487
27.058152,-17.925062,487
27.053515,-17.924249,495
27.051978,-17.923486,499
27.045777,-17.923385,487
27.040352,-17.923298,522
27.037253,-17.923249,535
27.033381,-17.923193,550
27.027979,-17.922381,563
27.024124,-17.921587,566
27.021028,-17.921538,601
27.01948,-17.921514,614
27.014064,-17.921429,638
27.009462,-17.919145,649
27.004822,-17.919073,645
26.999422,-17.918251,659
26.996302,-17.919675,664
26.996248,-17.92262,650
26.999314,-17.924142,638
27.001634,-17.924179,634
27.006274,-17.924253,626
27.009355,-17.925039,626
27.013223,-17.9251,625
27.017866,-17.925174,612
27.020934,-17.926696,595
27.024764,-17.928968,578
27.027086,-17.929004,577
27.030953,-17.929059,545
27.036371,-17.929136,513
27.04102,-17.92921,513
27.044856,-17.931486,487
27.049506,-17.931562,487
27.051056,-17.931587,487
27.054157,-17.931638,487
27.059569,-17.932464,487
27.061894,-17.932501,487
27.06732,-17.932589,487
27.069619,-17.934102,487
27.07269,-17.93563,487
27.075786,-17.935684,513
27.079629,-17.937225,495
27.081943,-17.937998,494
27.085008,-17.940257,508
27.086534,-17.941755,509
27.089561,-17.945495,512
27.092615,-17.947758,520
27.095669,-17.95002,512
27.098738,-17.951545,515
27.104115,-17.953844,544
27.106436,-17.953881,534
27.111038,-17.956166,536
27.114092,-17.958426,577
27.116358,-17.96141,586
27.116318,-17.96362,595
27.114704,-17.967279,578
27.110836,-17.967217,546
27.106221,-17.96567,539
27.103913,-17.964896,526
27.097776,-17.96185,534
27.095468,-17.961075,519
27.091624,-17.959539,511
27.089328,-17.958027,498
27.087032,-17.956516,487
27.08319,-17.954978,495
27.080881,-17.954203,498
27.07703,-17.952666,487
27.073971,-17.950404,487
27.072476,-17.947429,487
27.071769,-17.943729,501
27.070273,-17.940753,491
27.067213,-17.93849,487
27.063338,-17.938426,487
27.059489,-17.936889,487
27.054063,-17.936801,487
27.050188,-17.936738,487
27.046313,-17.936674,487
27.042437,-17.936611,513
27.039337,-17.93656,535
27.036237,-17.93651,532
27.032362,-17.936446,546
27.030038,-17.936409,511
27.024651,-17.934857,551
27.021571,-17.934074,578
27.018475,-17.934024,589
27.016153,-17.933987,594
27.012284,-17.933925,599
27.009189,-17.933875,602
27.006094,-17.933826,609
27.001453,-17.933751,624
26.99836,-17.933701,637
26.992173,-17.933601,647
26.989051,-17.935023,662
26.991356,-17.935797,649
26.995194,-17.937332,632
26.999834,-17.937407,631
27.004447,-17.938954,618
27.008302,-17.939753,613
27.015239,-17.941339,602
27.020654,-17.941424,559
27.022959,-17.942196,533
27.027606,-17.94227,488
27.033031,-17.942359,487
27.036131,-17.94241,500
27.039231,-17.942461,487
27.041543,-17.943236,487
27.044603,-17.945499,487
27.048425,-17.948511,487
27.05075,-17.948549,487
27.054626,-17.948612,487
27.057726,-17.948663,487
27.06239,-17.948001,496
27.065463,-17.949527,509
27.06851,-17.952527,487
27.070767,-17.956251,490
27.072262,-17.959226,487
27.074534,-17.962212,485
27.07762,-17.963,509
27.082266,-17.963074,487
27.086912,-17.963149,504
27.089207,-17.96466,509
27.093051,-17.966196,524
27.096107,-17.968456,521
27.101511,-17.969279,507
27.103833,-17.969316,518
27.107661,-17.971588,519
27.111475,-17.974595,526
27.112207,-17.976817,516
27.110592,-17.980474,506
27.108257,-17.981174,505
27.102828,-17.981826,485
27.098959,-17.981765,490
27.096678,-17.979519,487
27.094397,-17.977273,487
27.092876,-17.975775,487
27.088245,-17.974964,489
27.085963,-17.972717,497
27.081357,-17.970432,521
27.077512,-17.968896,509
27.072116,-17.967335,502
27.06903,-17.966548,502
27.063646,-17.964248,495
27.059784,-17.963448,490
27.056711,-17.961923,492
27.054412,-17.96041,487
27.04904,-17.957372,487
27.043641,-17.955809,487
27.039779,-17.955008,487
27.037481,-17.953495,530
27.032831,-17.953419,558
27.028983,-17.951881,579
27.025897,-17.951093,581
27.022035,-17.950292,488
27.018174,-17.949491,557
27.014307,-17.949429,570
27.011227,-17.948643,588
27.008131,-17.948592,595
27.005837,-17.947081,614
27.001194,-17.947005,596
26.996552,-17.946929,589
26.995735,-17.949126,606
26.998042,-17.949901,590
27.001867,-17.952174,548
27.005709,-17.953712,513
27.010353,-17.953788,514
27.014995,-17.953864,488
27.019645,-17.95394,488
27.022744,-17.953991,498
27.02738,-17.954805,529
27.031989,-17.957093,498
27.035035,-17.960093,487
27.037307,-17.963081,487
27.040381,-17.964606,487
27.044243,-17.965407,491
27.048065,-17.968419,487
27.049589,-17.969919,487
27.054226,-17.970732,528
27.058087,-17.971532,489
27.060412,-17.971569,488
27.063472,-17.973831,491
27.065744,-17.976817,498
27.064915,-17.979752,510
27.06104,-17.97969,510
27.056391,-17.979614,498
27.051741,-17.979539,487
27.047865,-17.979476,489
27.04399,-17.979413,528
27.041678,-17.978638,520
27.038591,-17.97785,513
27.034729,-17.97705,492
27.030866,-17.976249,488
27.027792,-17.974724,497
27.023957,-17.972449,530
27.021646,-17.971673,554
27.017825,-17.96866,573
27.015514,-17.967884,580
27.011681,-17.965608,582
27.00706,-17.964056,556
27.004003,-17.961793,533
27.003257,-17.960306,488
26.99942,-17.958768,488
26.99484,-17.955744,589
26.991792,-17.953483,612
26.991047,-17.951998,613
26.983372,-17.949663,650
